txn_id,txn_date,client_id,card_id,txn_amount,use_chip,merchant_id,txn_city,txn_state,zip,mcc,errors,amount_raw,,,,,,,,,,,,,,,,,,,,,,,,,,,,,,,,,,,
8304238,26-07-2010 09:02,114,3398,3,Swipe Transaction,20519,Fontana,CA,92335,5942,,$2.88,,,,,,,,,,,,,,,,,,,,,,,,,,,,,,,,,,,
20850381,22-02-2018 08:15,561,4575,69,Chip Transaction,59935,Burlington,IA,52601,5499,,$69.00,,,,,,,,,,,,,,,,,,,,,,,,,,,,,,,,,,,
14411084,15-05-2014 07:30,605,5650,3,Swipe Transaction,50783,Washington,DC,20008,5411,,$3.11,,,,,,,,,,,,,,,,,,,,,,,,,,,,,,,,,,,
20226986,12-10-2017 21:31,1807,2823,45,Chip Transaction,75936,Bronx,NY,10463,5814,,$44.69,,,,,,,,,,,,,,,,,,,,,,,,,,,,,,,,,,,
7857682,07-04-2010 12:41,1807,2823,33,Online Transaction,39021,ONLINE,,,4784,,$33.28,,,,,,,,,,,,,,,,,,,,,,,,,,,,,,,,,,,
23480894,02-09-2019 08:05,1807,5712,36,Online Transaction,39021,ONLINE,,,4784,,$36.25,,,,,,,,,,,,,,,,,,,,,,,,,,,,,,,,,,,
22088664,11-11-2018 13:18,114,5283,34,Chip Transaction,20519,Chino,CA,91710,5942,,$33.93,,,,,,,,,,,,,,,,,,,,,,,,,,,,,,,,,,,
10855813,14-03-2012 14:39,114,3070,98,Swipe Transaction,59935,North Hollywood,CA,91606,5499,,$98.00,,,,,,,,,,,,,,,,,,,,,,,,,,,,,,,,,,,
9523469,12-05-2011 00:17,1807,165,4,Swipe Transaction,20519,Guilford,CT,6437,5942,,$4.03,,,,,,,,,,,,,,,,,,,,,,,,,,,,,,,,,,,
14138008,16-03-2014 06:46,394,4341,2,Swipe Transaction,23481,Cartersville,GA,30121,5812,,$1.87,,,,,,,,,,,,,,,,,,,,,,,,,,,,,,,,,,,
15244273,12-11-2014 21:51,1684,94,60,Swipe Transaction,26810,Blaine,TN,37709,5541,,$60.00,,,,,,,,,,,,,,,,,,,,,,,,,,,,,,,,,,,
10404344,01-12-2011 13:38,1807,2823,28,Online Transaction,39021,ONLINE,,,4784,,$28.41,,,,,,,,,,,,,,,,,,,,,,,,,,,,,,,,,,,
8105504,07-06-2010 20:06,646,2093,37,Swipe Transaction,43655,Bradner,OH,43406,5812,,$37.41,,,,,,,,,,,,,,,,,,,,,,,,,,,,,,,,,,,
15703706,20-02-2015 12:06,1634,2464,9,Chip Transaction,26810,Alamo,TX,78516,5541,,$9.09,,,,,,,,,,,,,,,,,,,,,,,,,,,,,,,,,,,
15603532,29-01-2015 15:01,335,5131,-70,Chip Transaction,26810,Palm Beach Gardens,FL,33410,5541,,$-70.00,,,,,,,,,,,,,,,,,,,,,,,,,,,,,,,,,,,
16381476,15-07-2015 19:06,114,3070,3,Chip Transaction,41137,North Hollywood,CA,91606,5411,,$2.53,,,,,,,,,,,,,,,,,,,,,,,,,,,,,,,,,,,
20686239,18-01-2018 09:19,335,5131,9,Chip Transaction,72351,Fort Pierce,FL,34951,5541,,$9.19,,,,,,,,,,,,,,,,,,,,,,,,,,,,,,,,,,,
9408096,15-04-2011 00:34,1797,1127,65,Online Transaction,18563,ONLINE,,,4121,,$65.31,,,,,,,,,,,,,,,,,,,,,,,,,,,,,,,,,,,
12756317,16-05-2013 16:06,1807,165,26,Swipe Transaction,66428,Bronx,NY,10463,4121,,$25.50,,,,,,,,,,,,,,,,,,,,,,,,,,,,,,,,,,,
10306870,09-11-2011 08:05,1634,2464,4,Swipe Transaction,50783,Brownsville,TX,78520,5411,,$3.69,,,,,,,,,,,,,,,,,,,,,,,,,,,,,,,,,,,
23696150,18-10-2019 00:58,1797,5660,53,Swipe Transaction,45972,Dallas,TX,75220,4121,,$53.40,,,,,,,,,,,,,,,,,,,,,,,,,,,,,,,,,,,
21830006,17-09-2018 16:16,114,5283,11,Chip Transaction,83480,North Hollywood,CA,91606,9402,,$11.49,,,,,,,,,,,,,,,,,,,,,,,,,,,,,,,,,,,
11500102,07-08-2012 15:09,848,5423,266,Swipe Transaction,6336,Harwood,MD,20776,5310,,$266.34,,,,,,,,,,,,,,,,,,,,,,,,,,,,,,,,,,,
15494371,05-01-2015 22:46,1797,299,42,Online Transaction,15143,ONLINE,,,4784,,$42.33,,,,,,,,,,,,,,,,,,,,,,,,,,,,,,,,,,,
11961319,19-11-2012 21:43,1797,299,39,Swipe Transaction,35385,San Leandro,CA,94577,5912,,$38.81,,,,,,,,,,,,,,,,,,,,,,,,,,,,,,,,,,,
14855396,20-08-2014 06:44,1797,300,51,Online Transaction,15143,ONLINE,,,4784,,$50.96,,,,,,,,,,,,,,,,,,,,,,,,,,,,,,,,,,,
23310408,28-07-2019 08:07,1634,2245,1,Chip Transaction,42590,Alamo,TX,78516,5912,,$1.17,,,,,,,,,,,,,,,,,,,,,,,,,,,,,,,,,,,
20038773,03-09-2017 00:45,394,4341,27,Online Transaction,39021,ONLINE,,,4784,,$27.43,,,,,,,,,,,,,,,,,,,,,,,,,,,,,,,,,,,
20967459,19-03-2018 00:56,646,6090,64,Chip Transaction,36934,Cleveland,OH,44120,7538,,$64.09,,,,,,,,,,,,,,,,,,,,,,,,,,,,,,,,,,,
19073974,10-02-2017 18:57,1129,2677,53,Chip Transaction,24604,Oceanside,CA,92058,7538,,$52.79,,,,,,,,,,,,,,,,,,,,,,,,,,,,,,,,,,,
13368720,28-09-2013 10:25,1634,2464,8,Swipe Transaction,58775,Alamo,TX,78516,5300,,$7.58,,,,,,,,,,,,,,,,,,,,,,,,,,,,,,,,,,,
19691041,21-06-2017 14:49,114,3398,-67,Chip Transaction,61195,North Hollywood,CA,91606,5541,,$-67.00,,,,,,,,,,,,,,,,,,,,,,,,,,,,,,,,,,,
12536494,29-03-2013 00:04,114,3398,54,Swipe Transaction,61195,North Hollywood,CA,91606,5541,,$54.00,,,,,,,,,,,,,,,,,,,,,,,,,,,,,,,,,,,
10533606,31-12-2011 06:49,1797,1127,36,Online Transaction,15143,ONLINE,,,4784,,$35.84,,,,,,,,,,,,,,,,,,,,,,,,,,,,,,,,,,,
12050547,10-12-2012 06:31,1797,5660,44,Online Transaction,15143,ONLINE,,,4784,,$44.04,,,,,,,,,,,,,,,,,,,,,,,,,,,,,,,,,,,
20599809,30-12-2017 18:43,1129,102,61,Chip Transaction,13646,Oceanside,CA,92058,7538,,$61.06,,,,,,,,,,,,,,,,,,,,,,,,,,,,,,,,,,,
11901772,06-11-2012 12:07,605,5650,3,Swipe Transaction,59935,Brooklyn,NY,11210,5499,,$3.30,,,,,,,,,,,,,,,,,,,,,,,,,,,,,,,,,,,
14178610,25-03-2014 00:07,554,2424,3,Swipe Transaction,60569,League City,TX,77573,5300,,$3.38,,,,,,,,,,,,,,,,,,,,,,,,,,,,,,,,,,,
12013956,01-12-2012 15:25,1797,5660,16,Online Transaction,18563,ONLINE,,,4121,,$16.03,,,,,,,,,,,,,,,,,,,,,,,,,,,,,,,,,,,
21146176,25-04-2018 18:55,114,5283,35,Chip Transaction,55060,North Hollywood,CA,91606,5812,,$34.59,,,,,,,,,,,,,,,,,,,,,,,,,,,,,,,,,,,
16889102,01-11-2015 14:51,605,5061,43,Online Transaction,39021,ONLINE,,,4784,,$42.92,,,,,,,,,,,,,,,,,,,,,,,,,,,,,,,,,,,
8857815,06-12-2010 09:51,1807,2823,80,Swipe Transaction,27092,Bronx,NY,10473,4829,,$80.00,,,,,,,,,,,,,,,,,,,,,,,,,,,,,,,,,,,
11922425,11-11-2012 01:36,430,3433,35,Swipe Transaction,88192,Crown Point,IN,46307,4900,,$35.04,,,,,,,,,,,,,,,,,,,,,,,,,,,,,,,,,,,
9328874,27-03-2011 15:19,351,2244,90,Swipe Transaction,86381,Flushing,NY,11355,5912,,$89.61,,,,,,,,,,,,,,,,,,,,,,,,,,,,,,,,,,,
15023487,25-09-2014 18:31,114,5283,2,Swipe Transaction,50783,North Hollywood,CA,91606,5411,,$2.36,,,,,,,,,,,,,,,,,,,,,,,,,,,,,,,,,,,
20815557,14-02-2018 16:24,1807,5712,38,Online Transaction,16798,ONLINE,,,4121,,$37.84,,,,,,,,,,,,,,,,,,,,,,,,,,,,,,,,,,,
9794178,13-07-2011 21:51,1807,165,37,Swipe Transaction,17493,Bronx,NY,10463,5812,,$36.79,,,,,,,,,,,,,,,,,,,,,,,,,,,,,,,,,,,
15478756,02-01-2015 14:57,114,3398,39,Chip Transaction,59935,North Hollywood,CA,91606,5499,,$39.28,,,,,,,,,,,,,,,,,,,,,,,,,,,,,,,,,,,
16162303,30-05-2015 08:41,554,4275,4,Swipe Transaction,20519,Bergheim,TX,78004,5942,,$4.22,,,,,,,,,,,,,,,,,,,,,,,,,,,,,,,,,,,
22502151,07-02-2019 09:32,351,2664,2,Chip Transaction,75781,Flushing,NY,11355,5411,,$2.03,,,,,,,,,,,,,,,,,,,,,,,,,,,,,,,,,,,
13712126,13-12-2013 00:41,114,3398,-71,Swipe Transaction,59935,North Hollywood,CA,91606,5499,,$-71.00,,,,,,,,,,,,,,,,,,,,,,,,,,,,,,,,,,,
8933508,24-12-2010 08:11,1634,2464,3,Swipe Transaction,72225,Alamo,TX,78516,5411,,$3.03,,,,,,,,,,,,,,,,,,,,,,,,,,,,,,,,,,,
20765546,04-02-2018 00:17,605,5650,3,Chip Transaction,74005,Brooklyn,NY,11210,5812,,$2.59,,,,,,,,,,,,,,,,,,,,,,,,,,,,,,,,,,,
23615208,30-09-2019 15:01,394,4717,105,Swipe Transaction,20561,Bayonne,NJ,7002,5912,,$105.29,,,,,,,,,,,,,,,,,,,,,,,,,,,,,,,,,,,
20083277,12-09-2017 12:44,394,6057,13,Chip Transaction,85112,New York,NY,10162,5411,,$13.41,,,,,,,,,,,,,,,,,,,,,,,,,,,,,,,,,,,
15875958,29-03-2015 13:11,1129,2677,12,Chip Transaction,69972,Oceanside,CA,92058,5814,,$12.29,,,,,,,,,,,,,,,,,,,,,,,,,,,,,,,,,,,
15080344,08-10-2014 00:00,605,212,3,Swipe Transaction,74005,Brooklyn,NY,11210,5812,,$3.41,,,,,,,,,,,,,,,,,,,,,,,,,,,,,,,,,,,
12996727,08-07-2013 12:46,114,3398,12,Swipe Transaction,75936,North Hollywood,CA,91606,5814,,$12.09,,,,,,,,,,,,,,,,,,,,,,,,,,,,,,,,,,,
13287836,10-09-2013 12:05,605,5061,2,Swipe Transaction,14528,Hot Springs National Park,AR,71901,5499,,$1.86,,,,,,,,,,,,,,,,,,,,,,,,,,,,,,,,,,,
19591194,31-05-2017 14:10,1797,300,54,Chip Transaction,54343,San Leandro,CA,94577,4121,,$53.98,,,,,,,,,,,,,,,,,,,,,,,,,,,,,,,,,,,
18631300,08-11-2016 14:43,605,5061,32,Online Transaction,39021,ONLINE,,,4784,,$32.09,,,,,,,,,,,,,,,,,,,,,,,,,,,,,,,,,,,
11175114,26-05-2012 09:23,114,3398,2,Swipe Transaction,59935,North Hollywood,CA,91606,5499,,$1.62,,,,,,,,,,,,,,,,,,,,,,,,,,,,,,,,,,,
21193268,05-05-2018 17:52,114,5283,30,Chip Transaction,33234,North Hollywood,CA,91606,5812,,$30.43,,,,,,,,,,,,,,,,,,,,,,,,,,,,,,,,,,,
15190186,01-11-2014 07:47,561,3764,35,Swipe Transaction,59935,Burlington,IA,52601,5499,,$35.49,,,,,,,,,,,,,,,,,,,,,,,,,,,,,,,,,,,
15467728,31-12-2014 08:28,1807,2823,66,Online Transaction,39021,ONLINE,,,4784,,$65.60,,,,,,,,,,,,,,,,,,,,,,,,,,,,,,,,,,,
22216183,08-12-2018 14:07,114,3070,90,Chip Transaction,61195,North Hollywood,CA,91606,5541,,$90.00,,,,,,,,,,,,,,,,,,,,,,,,,,,,,,,,,,,
22591822,26-02-2019 07:14,605,212,81,Online Transaction,88459,ONLINE,,,5311,,$81.38,,,,,,,,,,,,,,,,,,,,,,,,,,,,,,,,,,,
9599789,30-05-2011 00:06,1684,2140,29,Online Transaction,39021,ONLINE,,,4784,,$29.21,,,,,,,,,,,,,,,,,,,,,,,,,,,,,,,,,,,
22701107,21-03-2019 10:30,561,2716,9,Online Transaction,18563,ONLINE,,,4121,,$9.27,,,,,,,,,,,,,,,,,,,,,,,,,,,,,,,,,,,
22748907,31-03-2019 10:53,561,4575,8,Chip Transaction,7923,Forest Park,GA,30297,4121,,$8.32,,,,,,,,,,,,,,,,,,,,,,,,,,,,,,,,,,,
13321599,18-09-2013 00:41,114,3398,45,Swipe Transaction,22204,Santa Monica,CA,90404,5541,,$44.85,,,,,,,,,,,,,,,,,,,,,,,,,,,,,,,,,,,
22654014,11-03-2019 09:43,394,4717,12,Chip Transaction,34103,Stamford,CT,6906,4121,,$12.07,,,,,,,,,,,,,,,,,,,,,,,,,,,,,,,,,,,
17755668,05-05-2016 17:33,848,5423,65,Chip Transaction,78454,Hyattsville,MD,20782,5812,,$65.44,,,,,,,,,,,,,,,,,,,,,,,,,,,,,,,,,,,
17011892,28-11-2015 00:47,394,4341,24,Online Transaction,39021,ONLINE,,,4784,,$24.15,,,,,,,,,,,,,,,,,,,,,,,,,,,,,,,,,,,
11200288,01-06-2012 00:31,114,3398,64,Swipe Transaction,59935,North Hollywood,CA,91606,5499,,$64.00,,,,,,,,,,,,,,,,,,,,,,,,,,,,,,,,,,,
14415885,16-05-2014 08:29,1807,2823,50,Online Transaction,39021,ONLINE,,,4784,,$50.30,,,,,,,,,,,,,,,,,,,,,,,,,,,,,,,,,,,
7948086,30-04-2010 00:58,1634,2245,3,Swipe Transaction,43293,Alamo,TX,78516,5499,,$3.01,,,,,,,,,,,,,,,,,,,,,,,,,,,,,,,,,,,
19763143,06-07-2017 16:03,114,5283,34,Online Transaction,15143,ONLINE,,,4784,,$34.02,,,,,,,,,,,,,,,,,,,,,,,,,,,,,,,,,,,
22576210,22-02-2019 19:57,605,212,198,Chip Transaction,30286,Brooklyn,NY,11210,4814,,$197.52,,,,,,,,,,,,,,,,,,,,,,,,,,,,,,,,,,,
7783026,19-03-2010 20:20,605,5061,16,Swipe Transaction,63675,Brooklyn,NY,11210,7832,,$16.08,,,,,,,,,,,,,,,,,,,,,,,,,,,,,,,,,,,
17737931,02-05-2016 07:33,394,4341,2,Swipe Transaction,59199,Stamford,CT,6906,5814,,$2.01,,,,,,,,,,,,,,,,,,,,,,,,,,,,,,,,,,,
15518812,11-01-2015 09:13,335,5131,6,Chip Transaction,75936,Palm Beach Gardens,FL,33410,5814,,$6.15,,,,,,,,,,,,,,,,,,,,,,,,,,,,,,,,,,,
19068636,09-02-2017 16:33,351,1043,80,Chip Transaction,27092,Flushing,NY,11358,4829,,$80.00,,,,,,,,,,,,,,,,,,,,,,,,,,,,,,,,,,,
18111090,20-07-2016 12:58,554,4275,162,Online Transaction,61641,ONLINE,,,4900,,$161.91,,,,,,,,,,,,,,,,,,,,,,,,,,,,,,,,,,,
17198493,06-01-2016 13:05,394,4341,23,Swipe Transaction,91128,Stamford,CT,6922,5411,,$22.81,,,,,,,,,,,,,,,,,,,,,,,,,,,,,,,,,,,
23190319,02-07-2019 21:45,1797,5660,34,Chip Transaction,11468,San Leandro,CA,94579,5970,,$33.88,,,,,,,,,,,,,,,,,,,,,,,,,,,,,,,,,,,
17097766,16-12-2015 07:40,561,4575,78,Chip Transaction,22204,Burlington,IA,52601,5541,,$78.00,,,,,,,,,,,,,,,,,,,,,,,,,,,,,,,,,,,
16385758,16-07-2015 18:58,114,3398,2,Chip Transaction,61195,Canyon Country,CA,91387,5541,,$2.40,,,,,,,,,,,,,,,,,,,,,,,,,,,,,,,,,,,
19495344,11-05-2017 10:27,394,4341,850,Swipe Transaction,29742,Morristown,NJ,7960,3256,,$850.10,,,,,,,,,,,,,,,,,,,,,,,,,,,,,,,,,,,
12001481,29-11-2012 00:03,554,4275,4,Swipe Transaction,60939,La Porte,TX,77571,5211,,$3.97,,,,,,,,,,,,,,,,,,,,,,,,,,,,,,,,,,,
11365385,08-07-2012 06:34,114,3070,42,Swipe Transaction,41137,North Hollywood,CA,91606,5411,,$41.68,,,,,,,,,,,,,,,,,,,,,,,,,,,,,,,,,,,
22408758,18-01-2019 11:35,605,5650,2,Chip Transaction,14528,Guadalajara,Mexico,,5499,,$1.98,,,,,,,,,,,,,,,,,,,,,,,,,,,,,,,,,,,
9660269,13-06-2011 05:59,1129,5492,-85,Swipe Transaction,59935,Oceanside,CA,92058,5499,,$-85.00,,,,,,,,,,,,,,,,,,,,,,,,,,,,,,,,,,,
17448666,01-03-2016 00:12,1797,5660,46,Online Transaction,18563,ONLINE,,,4121,,$45.85,,,,,,,,,,,,,,,,,,,,,,,,,,,,,,,,,,,
16548170,20-08-2015 14:28,561,4575,23,Chip Transaction,49908,Cedar Grove,NC,27231,5921,,$23.12,,,,,,,,,,,,,,,,,,,,,,,,,,,,,,,,,,,
14363430,04-05-2014 14:23,394,6057,26,Swipe Transaction,68137,Puerto Vallarta,Mexico,,5813,,$26.43,,,,,,,,,,,,,,,,,,,,,,,,,,,,,,,,,,,
19990403,23-08-2017 19:26,646,4012,42,Chip Transaction,88877,Cleveland,OH,44120,5812,,$42.21,,,,,,,,,,,,,,,,,,,,,,,,,,,,,,,,,,,
19863269,27-07-2017 18:54,1129,102,60,Chip Transaction,13646,Oceanside,CA,92058,7538,,$59.67,,,,,,,,,,,,,,,,,,,,,,,,,,,,,,,,,,,
10959877,07-04-2012 09:35,394,4341,34,Online Transaction,18563,ONLINE,,,4121,,$34.38,,,,,,,,,,,,,,,,,,,,,,,,,,,,,,,,,,,
16021185,29-04-2015 16:11,114,3398,11,Chip Transaction,83271,Chino Hills,CA,91709,4214,,$10.70,,,,,,,,,,,,,,,,,,,,,,,,,,,,,,,,,,,
12011276,01-12-2012 07:02,1129,5492,5,Swipe Transaction,75723,Oceanside,CA,92058,5300,,$5.09,,,,,,,,,,,,,,,,,,,,,,,,,,,,,,,,,,,
15705153,20-02-2015 16:46,1797,300,61,Chip Transaction,18215,Union City,CA,94587,5719,,$61.44,,,,,,,,,,,,,,,,,,,,,,,,,,,,,,,,,,,
22440499,25-01-2019 07:53,605,212,3,Chip Transaction,22204,Guadalajara,Mexico,,5541,,$3.03,,,,,,,,,,,,,,,,,,,,,,,,,,,,,,,,,,,
18178719,03-08-2016 21:56,1684,3278,69,Chip Transaction,26810,Blaine,TN,37709,5541,,$69.00,,,,,,,,,,,,,,,,,,,,,,,,,,,,,,,,,,,
14686267,14-07-2014 09:18,114,3398,2,Swipe Transaction,41137,North Hollywood,CA,91606,5411,,$2.06,,,,,,,,,,,,,,,,,,,,,,,,,,,,,,,,,,,
14085608,04-03-2014 13:14,114,3398,47,Swipe Transaction,31893,Baldwin Park,CA,91706,5311,,$47.29,,,,,,,,,,,,,,,,,,,,,,,,,,,,,,,,,,,
11336342,01-07-2012 14:55,394,4717,43,Swipe Transaction,1967,Stamford,CT,6907,5813,,$43.33,,,,,,,,,,,,,,,,,,,,,,,,,,,,,,,,,,,
17390954,16-02-2016 15:19,394,4717,42,Chip Transaction,1967,Stamford,CT,6907,5813,,$42.24,,,,,,,,,,,,,,,,,,,,,,,,,,,,,,,,,,,
22787505,08-04-2019 13:27,394,2663,28,Chip Transaction,52884,Stamford,CT,6906,7210,,$28.48,,,,,,,,,,,,,,,,,,,,,,,,,,,,,,,,,,,
8326555,31-07-2010 16:47,351,1043,100,Swipe Transaction,27092,Flushing,NY,11358,4829,,$100.00,,,,,,,,,,,,,,,,,,,,,,,,,,,,,,,,,,,
11120406,14-05-2012 00:20,848,5423,42,Swipe Transaction,13051,Harwood,MD,20776,5813,,$41.58,,,,,,,,,,,,,,,,,,,,,,,,,,,,,,,,,,,
22477668,02-02-2019 06:12,1129,102,51,Chip Transaction,59935,Oceanside,CA,92058,5499,,$51.00,,,,,,,,,,,,,,,,,,,,,,,,,,,,,,,,,,,
11284600,20-06-2012 00:05,430,150,140,Swipe Transaction,27092,Crown Point,IN,46307,4829,,$140.00,,,,,,,,,,,,,,,,,,,,,,,,,,,,,,,,,,,
9641402,08-06-2011 14:35,114,3070,-62,Swipe Transaction,61195,North Hollywood,CA,91606,5541,,$-62.00,,,,,,,,,,,,,,,,,,,,,,,,,,,,,,,,,,,
22027138,29-10-2018 13:47,605,5061,17,Online Transaction,39021,ONLINE,,,4784,,$17.40,,,,,,,,,,,,,,,,,,,,,,,,,,,,,,,,,,,
13369475,28-09-2013 12:37,1807,165,46,Online Transaction,39021,ONLINE,,,4784,,$46.30,,,,,,,,,,,,,,,,,,,,,,,,,,,,,,,,,,,
21475433,04-07-2018 18:00,114,3398,33,Chip Transaction,33234,North Hollywood,CA,91606,5812,,$32.95,,,,,,,,,,,,,,,,,,,,,,,,,,,,,,,,,,,
15223349,08-11-2014 11:53,605,5650,9,Online Transaction,94212,ONLINE,,,7996,,$8.58,,,,,,,,,,,,,,,,,,,,,,,,,,,,,,,,,,,
21415884,22-06-2018 08:08,1807,5712,52,Online Transaction,39021,ONLINE,,,4784,,$51.85,,,,,,,,,,,,,,,,,,,,,,,,,,,,,,,,,,,
20261378,20-10-2017 09:45,351,2664,2,Chip Transaction,90329,Flushing,NY,11355,5411,,$2.18,,,,,,,,,,,,,,,,,,,,,,,,,,,,,,,,,,,
8025934,19-05-2010 08:56,351,2244,-75,Swipe Transaction,59935,Flushing,NY,11355,5499,,$-75.00,,,,,,,,,,,,,,,,,,,,,,,,,,,,,,,,,,,
22300818,26-12-2018 13:11,1634,2464,10,Chip Transaction,75936,Brownsville,TX,78520,5814,,$9.54,,,,,,,,,,,,,,,,,,,,,,,,,,,,,,,,,,,
23217525,08-07-2019 14:36,394,2663,48,Chip Transaction,1967,Stamford,CT,6907,5813,,$47.97,,,,,,,,,,,,,,,,,,,,,,,,,,,,,,,,,,,
18796581,13-12-2016 16:51,561,3764,4,Chip Transaction,20916,Long Grove,IA,52756,5651,,$4.01,,,,,,,,,,,,,,,,,,,,,,,,,,,,,,,,,,,
20201143,07-10-2017 11:11,1797,300,5,Chip Transaction,23481,San Leandro,CA,94577,5812,Bad Zipcode,$5.05,,,,,,,,,,,,,,,,,,,,,,,,,,,,,,,,,,,
20019498,30-08-2017 00:23,848,3915,63,Chip Transaction,13051,Harwood,MD,20776,5813,,$63.14,,,,,,,,,,,,,,,,,,,,,,,,,,,,,,,,,,,
14281464,16-04-2014 14:43,114,5283,90,Swipe Transaction,59935,North Hollywood,CA,91606,5499,,$90.00,,,,,,,,,,,,,,,,,,,,,,,,,,,,,,,,,,,
8466087,03-09-2010 08:16,1807,2823,41,Online Transaction,39021,ONLINE,,,4784,,$41.18,,,,,,,,,,,,,,,,,,,,,,,,,,,,,,,,,,,
23388040,13-08-2019 13:48,114,5283,63,Chip Transaction,61195,North Hollywood,CA,91606,5541,,$62.86,,,,,,,,,,,,,,,,,,,,,,,,,,,,,,,,,,,
23329500,01-08-2019 10:04,430,4351,33,Chip Transaction,50783,Crown Point,IN,46307,5411,,$33.21,,,,,,,,,,,,,,,,,,,,,,,,,,,,,,,,,,,
17004201,26-11-2015 09:07,335,5131,6,Chip Transaction,75781,Wayzata,MN,55391,5411,,$5.71,,,,,,,,,,,,,,,,,,,,,,,,,,,,,,,,,,,
17951248,16-06-2016 12:04,605,5061,1,Chip Transaction,14528,Brooklyn,NY,11211,5499,,$1.49,,,,,,,,,,,,,,,,,,,,,,,,,,,,,,,,,,,
10012810,02-09-2011 09:38,394,4341,19,Online Transaction,16798,ONLINE,,,4121,,$18.58,,,,,,,,,,,,,,,,,,,,,,,,,,,,,,,,,,,
21873349,27-09-2018 00:32,114,5283,84,Chip Transaction,59935,North Hollywood,CA,91606,5499,,$84.00,,,,,,,,,,,,,,,,,,,,,,,,,,,,,,,,,,,
19897032,04-08-2017 00:54,1634,2464,3,Swipe Transaction,72225,Alamo,TX,78516,5411,,$2.85,,,,,,,,,,,,,,,,,,,,,,,,,,,,,,,,,,,
9327264,27-03-2011 09:17,430,150,9,Swipe Transaction,98648,Crown Point,IN,46307,5814,,$8.51,,,,,,,,,,,,,,,,,,,,,,,,,,,,,,,,,,,
15056654,03-10-2014 00:13,430,5768,180,Swipe Transaction,27092,Crown Point,IN,46307,4829,,$180.00,,,,,,,,,,,,,,,,,,,,,,,,,,,,,,,,,,,
9417596,17-04-2011 09:34,351,1112,2,Swipe Transaction,25887,Flushing,NY,11355,5814,,$2.35,,,,,,,,,,,,,,,,,,,,,,,,,,,,,,,,,,,
18465707,04-10-2016 10:04,430,4351,25,Chip Transaction,87813,Chassell,MI,49916,5411,,$25.24,,,,,,,,,,,,,,,,,,,,,,,,,,,,,,,,,,,
10230815,22-10-2011 14:49,114,3398,44,Swipe Transaction,61195,North Hollywood,CA,91606,5541,,$44.15,,,,,,,,,,,,,,,,,,,,,,,,,,,,,,,,,,,
11042214,26-04-2012 07:12,430,3433,29,Swipe Transaction,19630,San Antonio,TX,78269,4900,,$29.40,,,,,,,,,,,,,,,,,,,,,,,,,,,,,,,,,,,
20194915,06-10-2017 07:12,1129,2677,6,Swipe Transaction,23134,Oceanside,CA,92058,5211,,$6.41,,,,,,,,,,,,,,,,,,,,,,,,,,,,,,,,,,,
10589799,13-01-2012 00:17,554,2424,4,Swipe Transaction,32858,Pearland,TX,77581,5311,,$3.94,,,,,,,,,,,,,,,,,,,,,,,,,,,,,,,,,,,
18204872,09-08-2016 14:08,1797,300,38,Online Transaction,15143,ONLINE,,,4784,,$37.94,,,,,,,,,,,,,,,,,,,,,,,,,,,,,,,,,,,
12556551,02-04-2013 10:54,646,2093,9,Swipe Transaction,24504,Cleveland,OH,44124,4214,,$9.27,,,,,,,,,,,,,,,,,,,,,,,,,,,,,,,,,,,
21350316,08-06-2018 09:38,394,6057,38,Chip Transaction,34103,Stamford,CT,6906,4121,Bad PIN,$38.49,,,,,,,,,,,,,,,,,,,,,,,,,,,,,,,,,,,
14528158,09-06-2014 16:15,1807,2823,28,Online Transaction,18563,ONLINE,,,4121,,$27.61,,,,,,,,,,,,,,,,,,,,,,,,,,,,,,,,,,,
11824493,19-10-2012 18:31,554,2308,143,Swipe Transaction,78081,La Porte,TX,77571,5411,,$143.19,,,,,,,,,,,,,,,,,,,,,,,,,,,,,,,,,,,
17920730,10-06-2016 00:12,1129,102,100,Chip Transaction,27092,Vista,CA,92084,4829,,$100.00,,,,,,,,,,,,,,,,,,,,,,,,,,,,,,,,,,,
15619002,02-02-2015 00:50,114,3398,56,Chip Transaction,61195,North Hollywood,CA,91606,5541,,$56.19,,,,,,,,,,,,,,,,,,,,,,,,,,,,,,,,,,,
20629029,06-01-2018 06:28,646,4012,8,Online Transaction,9932,ONLINE,,,5311,,$7.82,,,,,,,,,,,,,,,,,,,,,,,,,,,,,,,,,,,
13711972,12-12-2013 22:36,1797,1127,39,Swipe Transaction,34702,San Leandro,CA,94578,5310,,$39.37,,,,,,,,,,,,,,,,,,,,,,,,,,,,,,,,,,,
18052235,08-07-2016 00:41,848,5423,67,Chip Transaction,13051,Harwood,MD,20776,5813,,$66.95,,,,,,,,,,,,,,,,,,,,,,,,,,,,,,,,,,,
12382762,22-02-2013 16:40,114,3398,20,Online Transaction,15143,ONLINE,,,4784,,$20.17,,,,,,,,,,,,,,,,,,,,,,,,,,,,,,,,,,,
11683404,18-09-2012 06:22,1129,5492,28,Swipe Transaction,41260,Oceanside,CA,92058,5541,,$27.51,,,,,,,,,,,,,,,,,,,,,,,,,,,,,,,,,,,
17575342,28-03-2016 09:06,430,3433,9,Swipe Transaction,61195,Crown Point,IN,46307,5541,,$9.16,,,,,,,,,,,,,,,,,,,,,,,,,,,,,,,,,,,
16182353,03-06-2015 10:51,605,5650,42,Chip Transaction,86410,Brooklyn,NY,11221,5211,,$42.01,,,,,,,,,,,,,,,,,,,,,,,,,,,,,,,,,,,
12367639,19-02-2013 11:15,646,2093,21,Swipe Transaction,7505,Cancun,Mexico,,5812,,$20.58,,,,,,,,,,,,,,,,,,,,,,,,,,,,,,,,,,,
19952290,15-08-2017 17:42,114,3070,26,Chip Transaction,38141,Los Angeles,CA,90064,5921,,$25.65,,,,,,,,,,,,,,,,,,,,,,,,,,,,,,,,,,,
22337820,03-01-2019 11:37,554,2424,12,Chip Transaction,75781,Valley Mills,TX,76689,5411,,$12.16,,,,,,,,,,,,,,,,,,,,,,,,,,,,,,,,,,,
11721399,26-09-2012 14:36,430,2860,24,Swipe Transaction,46417,Crown Point,IN,46307,5411,,$24.41,,,,,,,,,,,,,,,,,,,,,,,,,,,,,,,,,,,
22580799,23-02-2019 18:27,114,5283,36,Chip Transaction,75936,North Hollywood,CA,91606,5814,,$36.10,,,,,,,,,,,,,,,,,,,,,,,,,,,,,,,,,,,
16657952,13-09-2015 07:58,605,5650,4,Chip Transaction,54001,Brooklyn,NY,11210,5411,,$3.94,,,,,,,,,,,,,,,,,,,,,,,,,,,,,,,,,,,
17738721,02-05-2016 09:55,561,6053,3,Chip Transaction,45926,Burlington,IA,52601,5814,,$3.19,,,,,,,,,,,,,,,,,,,,,,,,,,,,,,,,,,,
11797234,13-10-2012 15:11,1634,2245,2,Swipe Transaction,23481,Brownsville,TX,78520,5812,,$1.62,,,,,,,,,,,,,,,,,,,,,,,,,,,,,,,,,,,
8662714,20-10-2010 12:43,1807,165,53,Online Transaction,39021,ONLINE,,,4784,,$53.26,,,,,,,,,,,,,,,,,,,,,,,,,,,,,,,,,,,
20838401,19-02-2018 14:54,605,5650,36,Online Transaction,39021,ONLINE,,,4784,,$36.03,,,,,,,,,,,,,,,,,,,,,,,,,,,,,,,,,,,
10601718,15-01-2012 16:03,1684,3278,26,Online Transaction,39021,ONLINE,,,4784,,$26.33,,,,,,,,,,,,,,,,,,,,,,,,,,,,,,,,,,,
23155427,25-06-2019 14:28,1797,5660,19,Online Transaction,16798,ONLINE,,,4121,,$19.23,,,,,,,,,,,,,,,,,,,,,,,,,,,,,,,,,,,
17876015,31-05-2016 13:48,1684,94,44,Chip Transaction,81833,Bean Station,TN,37708,5912,,$44.36,,,,,,,,,,,,,,,,,,,,,,,,,,,,,,,,,,,
9122668,07-02-2011 00:12,430,5768,160,Swipe Transaction,27092,Crown Point,IN,46307,4829,,$160.00,,,,,,,,,,,,,,,,,,,,,,,,,,,,,,,,,,,
14013368,16-02-2014 19:12,1129,102,64,Swipe Transaction,13646,Oceanside,CA,92058,7538,,$64.07,,,,,,,,,,,,,,,,,,,,,,,,,,,,,,,,,,,
15569625,22-01-2015 07:37,605,5650,3,Chip Transaction,20519,Seattle,WA,98198,5942,,$3.43,,,,,,,,,,,,,,,,,,,,,,,,,,,,,,,,,,,
17102549,17-12-2015 08:05,1129,102,125,Chip Transaction,54850,Santa Ysabel,CA,92070,4814,,$124.52,,,,,,,,,,,,,,,,,,,,,,,,,,,,,,,,,,,
12989634,07-07-2013 00:29,1797,299,47,Swipe Transaction,54343,San Leandro,CA,94577,4121,,$46.71,,,,,,,,,,,,,,,,,,,,,,,,,,,,,,,,,,,
13599680,18-11-2013 07:54,561,4575,40,Swipe Transaction,59935,Burlington,IA,52601,5499,,$39.96,,,,,,,,,,,,,,,,,,,,,,,,,,,,,,,,,,,
14346216,30-04-2014 18:46,114,3398,2,Swipe Transaction,13082,North Hollywood,CA,91606,5921,,$2.24,,,,,,,,,,,,,,,,,,,,,,,,,,,,,,,,,,,
14871131,23-08-2014 13:31,114,3070,25,Online Transaction,73186,ONLINE,,,4814,,$24.53,,,,,,,,,,,,,,,,,,,,,,,,,,,,,,,,,,,
17877682,31-05-2016 21:39,1797,1127,42,Chip Transaction,73842,San Leandro,CA,94577,5411,,$42.19,,,,,,,,,,,,,,,,,,,,,,,,,,,,,,,,,,,
13423879,10-10-2013 13:16,1556,4333,-444,Online Transaction,13348,ONLINE,,,4722,,$-444.00,,,,,,,,,,,,,,,,,,,,,,,,,,,,,,,,,,,
8235702,09-07-2010 14:19,561,3764,26,Swipe Transaction,6316,Burlington,IA,52601,5921,,$26.00,,,,,,,,,,,,,,,,,,,,,,,,,,,,,,,,,,,
23658127,09-10-2019 21:17,605,5650,16,Chip Transaction,63675,Brooklyn,NY,11210,7832,,$16.04,,,,,,,,,,,,,,,,,,,,,,,,,,,,,,,,,,,
23640008,06-10-2019 00:20,430,5768,120,Swipe Transaction,27092,Crown Point,IN,46307,4829,,$120.00,,,,,,,,,,,,,,,,,,,,,,,,,,,,,,,,,,,
21999542,23-10-2018 18:17,114,3398,26,Chip Transaction,75936,North Hollywood,CA,91606,5814,,$26.31,,,,,,,,,,,,,,,,,,,,,,,,,,,,,,,,,,,
14473679,28-05-2014 18:16,554,4275,78,Swipe Transaction,12014,La Porte,TX,77571,5814,,$77.87,,,,,,,,,,,,,,,,,,,,,,,,,,,,,,,,,,,
8065244,29-05-2010 00:45,114,3398,80,Swipe Transaction,61195,North Hollywood,CA,91606,5541,,$80.00,,,,,,,,,,,,,,,,,,,,,,,,,,,,,,,,,,,
10649849,26-01-2012 15:19,561,4575,164,Online Transaction,56276,ONLINE,,,4899,,$164.10,,,,,,,,,,,,,,,,,,,,,,,,,,,,,,,,,,,
11935171,14-11-2012 00:04,554,2308,5,Swipe Transaction,78081,La Porte,TX,77571,5411,,$5.10,,,,,,,,,,,,,,,,,,,,,,,,,,,,,,,,,,,
19492151,10-05-2017 15:24,430,2860,34,Swipe Transaction,81833,Crown Point,IN,46307,5912,,$33.73,,,,,,,,,,,,,,,,,,,,,,,,,,,,,,,,,,,
12910661,19-06-2013 18:56,554,3912,113,Swipe Transaction,75781,League City,TX,77573,5411,,$113.14,,,,,,,,,,,,,,,,,,,,,,,,,,,,,,,,,,,
13277430,08-09-2013 07:33,561,4575,-68,Swipe Transaction,59935,Burlington,IA,52601,5499,Insufficient Balance,$-68.00,,,,,,,,,,,,,,,,,,,,,,,,,,,,,,,,,,,
15240762,12-11-2014 06:54,114,3398,33,Swipe Transaction,20561,North Hollywood,CA,91606,5912,,$32.85,,,,,,,,,,,,,,,,,,,,,,,,,,,,,,,,,,,
22976409,18-05-2019 15:33,1684,2723,17,Online Transaction,39021,ONLINE,,,4784,,$17.43,,,,,,,,,,,,,,,,,,,,,,,,,,,,,,,,,,,
20041150,03-09-2017 13:40,430,5768,92,Chip Transaction,81833,Crown Point,IN,46307,5912,,$92.39,,,,,,,,,,,,,,,,,,,,,,,,,,,,,,,,,,,
18036400,04-07-2016 16:29,1684,94,26,Online Transaction,39021,ONLINE,,,4784,,$25.58,,,,,,,,,,,,,,,,,,,,,,,,,,,,,,,,,,,
9866644,30-07-2011 16:51,351,4512,80,Swipe Transaction,27092,Flushing,NY,11358,4829,,$80.00,,,,,,,,,,,,,,,,,,,,,,,,,,,,,,,,,,,
16068015,10-05-2015 00:51,114,5283,25,Chip Transaction,61195,North Hollywood,CA,91606,5541,,$25.24,,,,,,,,,,,,,,,,,,,,,,,,,,,,,,,,,,,
23606449,28-09-2019 18:34,1129,2677,58,Chip Transaction,71667,Oceanside,CA,92058,7538,,$57.63,,,,,,,,,,,,,,,,,,,,,,,,,,,,,,,,,,,
22897784,02-05-2019 01:46,114,3398,79,Chip Transaction,59935,North Hollywood,CA,91606,5499,,$79.00,,,,,,,,,,,,,,,,,,,,,,,,,,,,,,,,,,,
9382280,09-04-2011 00:17,1797,1127,12,Online Transaction,18563,ONLINE,,,4121,,$12.33,,,,,,,,,,,,,,,,,,,,,,,,,,,,,,,,,,,
14282962,16-04-2014 22:22,335,5131,62,Swipe Transaction,97421,Palm Beach Gardens,FL,33410,5812,,$61.65,,,,,,,,,,,,,,,,,,,,,,,,,,,,,,,,,,,
16920850,08-11-2015 12:35,114,3398,12,Chip Transaction,25717,Santa Monica,CA,90405,5812,,$12.25,,,,,,,,,,,,,,,,,,,,,,,,,,,,,,,,,,,
14022760,18-02-2014 19:09,1684,3278,35,Online Transaction,39021,ONLINE,,,4784,,$34.98,,,,,,,,,,,,,,,,,,,,,,,,,,,,,,,,,,,
15184755,31-10-2014 00:09,605,5650,4,Swipe Transaction,75936,Brooklyn,NY,11210,5814,,$3.73,,,,,,,,,,,,,,,,,,,,,,,,,,,,,,,,,,,
15513649,10-01-2015 08:10,1634,2245,2,Chip Transaction,50783,Brownsville,TX,78520,5411,,$1.50,,,,,,,,,,,,,,,,,,,,,,,,,,,,,,,,,,,
12719420,08-05-2013 14:39,394,6057,51,Swipe Transaction,1967,Stamford,CT,6907,5813,,$51.46,,,,,,,,,,,,,,,,,,,,,,,,,,,,,,,,,,,
18116386,21-07-2016 14:35,605,212,41,Online Transaction,39021,ONLINE,,,4784,,$41.19,,,,,,,,,,,,,,,,,,,,,,,,,,,,,,,,,,,
23436532,23-08-2019 18:39,1129,2677,50,Swipe Transaction,11780,Oceanside,CA,92058,7349,,$49.97,,,,,,,,,,,,,,,,,,,,,,,,,,,,,,,,,,,
22537598,14-02-2019 17:06,1684,94,11,Online Transaction,39021,ONLINE,,,4784,,$10.61,,,,,,,,,,,,,,,,,,,,,,,,,,,,,,,,,,,
23276132,21-07-2019 00:45,114,5283,-98,Chip Transaction,59935,North Hollywood,CA,91606,5499,,$-98.00,,,,,,,,,,,,,,,,,,,,,,,,,,,,,,,,,,,
22994152,22-05-2019 14:31,114,5283,51,Chip Transaction,61195,North Hollywood,CA,91606,5541,Insufficient Balance,$51.00,,,,,,,,,,,,,,,,,,,,,,,,,,,,,,,,,,,
12593578,10-04-2013 15:28,1807,165,13,Swipe Transaction,72036,Zebulon,NC,27597,4121,,$12.91,,,,,,,,,,,,,,,,,,,,,,,,,,,,,,,,,,,
16702195,22-09-2015 13:19,351,1043,29,Chip Transaction,73463,Flushing,NY,11355,5300,,$28.64,,,,,,,,,,,,,,,,,,,,,,,,,,,,,,,,,,,
13975812,08-02-2014 14:43,114,3070,68,Swipe Transaction,61195,North Hollywood,CA,91606,5541,,$68.00,,,,,,,,,,,,,,,,,,,,,,,,,,,,,,,,,,,
14620951,30-06-2014 00:07,605,5650,3,Swipe Transaction,75781,Brooklyn,NY,11210,5411,,$2.61,,,,,,,,,,,,,,,,,,,,,,,,,,,,,,,,,,,
7629088,09-02-2010 08:11,335,5131,37,Swipe Transaction,91594,Palm Beach Gardens,FL,33410,5912,,$36.59,,,,,,,,,,,,,,,,,,,,,,,,,,,,,,,,,,,
23414235,19-08-2019 06:53,1797,300,30,Online Transaction,15143,ONLINE,,,4784,,$30.50,,,,,,,,,,,,,,,,,,,,,,,,,,,,,,,,,,,
12732420,11-05-2013 11:06,1807,2823,368,Online Transaction,72813,ONLINE,,,6300,,$368.24,,,,,,,,,,,,,,,,,,,,,,,,,,,,,,,,,,,
19139386,24-02-2017 16:11,848,5423,-54,Chip Transaction,43293,Hyattsville,MD,20781,5499,,$-54.00,,,,,,,,,,,,,,,,,,,,,,,,,,,,,,,,,,,
11821124,19-10-2012 07:07,1797,300,124,Swipe Transaction,81833,San Leandro,CA,94579,5912,,$123.85,,,,,,,,,,,,,,,,,,,,,,,,,,,,,,,,,,,
22841217,20-04-2019 00:35,1797,300,51,Chip Transaction,54343,San Leandro,CA,94577,4121,,$51.36,,,,,,,,,,,,,,,,,,,,,,,,,,,,,,,,,,,
11785009,11-10-2012 00:25,554,2424,3,Swipe Transaction,11468,League City,TX,77573,5970,,$3.15,,,,,,,,,,,,,,,,,,,,,,,,,,,,,,,,,,,
21836768,19-09-2018 08:06,335,5131,24,Swipe Transaction,75781,Palm Beach Gardens,FL,33410,5411,,$24.33,,,,,,,,,,,,,,,,,,,,,,,,,,,,,,,,,,,
21361700,10-06-2018 14:50,114,3070,20,Chip Transaction,61195,North Hollywood,CA,91606,5541,,$19.71,,,,,,,,,,,,,,,,,,,,,,,,,,,,,,,,,,,
17133755,23-12-2015 16:13,1807,5712,34,Online Transaction,18563,ONLINE,,,4121,,$33.57,,,,,,,,,,,,,,,,,,,,,,,,,,,,,,,,,,,
17859102,28-05-2016 00:17,554,4275,6,Swipe Transaction,20561,La Porte,TX,77571,5912,,$5.65,,,,,,,,,,,,,,,,,,,,,,,,,,,,,,,,,,,
23304068,26-07-2019 19:31,1684,2723,27,Online Transaction,39021,ONLINE,,,4784,,$26.93,,,,,,,,,,,,,,,,,,,,,,,,,,,,,,,,,,,
22555998,18-02-2019 13:06,554,6070,415,Chip Transaction,41523,La Porte,TX,77571,3387,,$415.00,,,,,,,,,,,,,,,,,,,,,,,,,,,,,,,,,,,
10750331,18-02-2012 12:33,430,3433,68,Swipe Transaction,86109,Crown Point,IN,46307,7538,,$68.27,,,,,,,,,,,,,,,,,,,,,,,,,,,,,,,,,,,
17170237,31-12-2015 12:40,394,2663,21,Chip Transaction,35537,Stamford,CT,6906,5812,,$20.53,,,,,,,,,,,,,,,,,,,,,,,,,,,,,,,,,,,
9292585,19-03-2011 00:34,114,3398,82,Swipe Transaction,61195,North Hollywood,CA,91606,5541,,$82.00,,,,,,,,,,,,,,,,,,,,,,,,,,,,,,,,,,,
20642682,09-01-2018 00:29,1129,2677,100,Chip Transaction,27092,Vista,CA,92084,4829,,$100.00,,,,,,,,,,,,,,,,,,,,,,,,,,,,,,,,,,,
13620818,22-11-2013 20:40,1684,3278,14,Swipe Transaction,96417,Blaine,TN,37709,5813,,$13.82,,,,,,,,,,,,,,,,,,,,,,,,,,,,,,,,,,,
21717328,24-08-2018 18:23,554,6070,131,Chip Transaction,20561,La Porte,TX,77571,5912,,$131.35,,,,,,,,,,,,,,,,,,,,,,,,,,,,,,,,,,,
20718229,25-01-2018 00:45,114,3398,-74,Chip Transaction,61195,North Hollywood,CA,91606,5541,,$-74.00,,,,,,,,,,,,,,,,,,,,,,,,,,,,,,,,,,,
9874171,01-08-2011 13:16,1129,2677,10,Swipe Transaction,41260,Oceanside,CA,92058,5541,,$10.32,,,,,,,,,,,,,,,,,,,,,,,,,,,,,,,,,,,
8547459,22-09-2010 16:11,1684,3278,29,Online Transaction,39021,ONLINE,,,4784,,$28.94,,,,,,,,,,,,,,,,,,,,,,,,,,,,,,,,,,,
17606917,04-04-2016 00:27,430,2860,120,Swipe Transaction,27092,Crown Point,IN,46307,4829,,$120.00,,,,,,,,,,,,,,,,,,,,,,,,,,,,,,,,,,,
10240715,24-10-2011 21:57,1684,94,18,Swipe Transaction,43293,Briceville,TN,37710,5499,,$17.97,,,,,,,,,,,,,,,,,,,,,,,,,,,,,,,,,,,
10927550,30-03-2012 19:46,1684,94,29,Online Transaction,39021,ONLINE,,,4784,,$28.85,,,,,,,,,,,,,,,,,,,,,,,,,,,,,,,,,,,
18301255,30-08-2016 08:12,1807,5712,54,Online Transaction,39021,ONLINE,,,4784,,$54.40,,,,,,,,,,,,,,,,,,,,,,,,,,,,,,,,,,,
21591838,29-07-2018 08:53,1807,5712,44,Online Transaction,39021,ONLINE,,,4784,Insufficient Balance,$44.00,,,,,,,,,,,,,,,,,,,,,,,,,,,,,,,,,,,
23415175,19-08-2019 09:51,351,1112,2,Chip Transaction,78454,Flushing,NY,11355,5812,,$2.15,,,,,,,,,,,,,,,,,,,,,,,,,,,,,,,,,,,
16725821,27-09-2015 14:53,394,6057,49,Chip Transaction,52637,Magnolia,NJ,8049,5813,,$48.72,,,,,,,,,,,,,,,,,,,,,,,,,,,,,,,,,,,
17601338,02-04-2016 18:28,114,5283,27,Chip Transaction,33234,North Hollywood,CA,91606,5812,,$27.18,,,,,,,,,,,,,,,,,,,,,,,,,,,,,,,,,,,
14954290,10-09-2014 14:53,394,2663,39,Swipe Transaction,1967,Stamford,CT,6907,5813,,$39.00,,,,,,,,,,,,,,,,,,,,,,,,,,,,,,,,,,,
14692087,15-07-2014 12:54,394,6057,16,Swipe Transaction,91128,Stamford,CT,6922,5411,,$16.07,,,,,,,,,,,,,,,,,,,,,,,,,,,,,,,,,,,
13854014,12-01-2014 22:19,1807,2823,170,Swipe Transaction,11941,Bronx,NY,10463,8011,,$169.57,,,,,,,,,,,,,,,,,,,,,,,,,,,,,,,,,,,
9090818,30-01-2011 12:34,605,5061,3,Swipe Transaction,20519,Brooklyn,NY,11212,5942,,$2.73,,,,,,,,,,,,,,,,,,,,,,,,,,,,,,,,,,,
21897213,02-10-2018 00:44,114,5283,76,Swipe Transaction,22204,Yucca Valley,CA,92284,5541,,$76.00,,,,,,,,,,,,,,,,,,,,,,,,,,,,,,,,,,,
11553099,19-08-2012 14:52,394,2663,48,Swipe Transaction,1967,Stamford,CT,6907,5813,,$48.14,,,,,,,,,,,,,,,,,,,,,,,,,,,,,,,,,,,
7897174,17-04-2010 12:38,554,3912,151,Swipe Transaction,24355,La Porte,TX,77571,4900,,$150.63,,,,,,,,,,,,,,,,,,,,,,,,,,,,,,,,,,,
17592307,31-03-2016 16:54,114,3398,40,Online Transaction,15143,ONLINE,,,4784,,$39.58,,,,,,,,,,,,,,,,,,,,,,,,,,,,,,,,,,,
20029726,01-09-2017 07:21,1797,5660,61,Chip Transaction,35385,San Leandro,CA,94577,5912,,$60.77,,,,,,,,,,,,,,,,,,,,,,,,,,,,,,,,,,,
8606578,07-10-2010 00:11,1634,2464,3,Swipe Transaction,23481,Brownsville,TX,78520,5812,,$3.42,,,,,,,,,,,,,,,,,,,,,,,,,,,,,,,,,,,
18529806,18-10-2016 01:49,114,3398,53,Chip Transaction,59935,North Hollywood,CA,91606,5499,,$53.07,,,,,,,,,,,,,,,,,,,,,,,,,,,,,,,,,,,
10104455,23-09-2011 12:03,605,212,1,Swipe Transaction,14528,Brooklyn,NY,11211,5499,,$1.24,,,,,,,,,,,,,,,,,,,,,,,,,,,,,,,,,,,
19629245,08-06-2017 14:08,430,4351,78,Chip Transaction,61195,Crown Point,IN,46307,5541,,$77.51,,,,,,,,,,,,,,,,,,,,,,,,,,,,,,,,,,,
19040469,03-02-2017 16:52,114,3398,13,Chip Transaction,41137,North Hollywood,CA,91606,5411,,$13.34,,,,,,,,,,,,,,,,,,,,,,,,,,,,,,,,,,,
19434610,28-04-2017 11:49,1634,2464,44,Chip Transaction,46965,Alamo,TX,78516,7538,,$43.65,,,,,,,,,,,,,,,,,,,,,,,,,,,,,,,,,,,
19338706,08-04-2017 07:37,561,4575,35,Chip Transaction,59935,Burlington,IA,52601,5499,,$35.38,,,,,,,,,,,,,,,,,,,,,,,,,,,,,,,,,,,
20791632,09-02-2018 14:02,430,3433,76,Swipe Transaction,38602,Highland,IN,46322,5311,,$76.08,,,,,,,,,,,,,,,,,,,,,,,,,,,,,,,,,,,
10866398,17-03-2012 00:40,114,3398,77,Swipe Transaction,59935,North Hollywood,CA,91606,5499,,$77.00,,,,,,,,,,,,,,,,,,,,,,,,,,,,,,,,,,,
8567100,27-09-2010 13:04,1129,5492,8,Swipe Transaction,69972,Oceanside,CA,92058,5814,,$7.99,,,,,,,,,,,,,,,,,,,,,,,,,,,,,,,,,,,
22978587,19-05-2019 07:38,561,6119,12,Chip Transaction,83480,Burlington,IA,52601,9402,,$12.41,,,,,,,,,,,,,,,,,,,,,,,,,,,,,,,,,,,
11125439,15-05-2012 08:06,114,3070,2,Swipe Transaction,55060,North Hollywood,CA,91606,5812,,$2.24,,,,,,,,,,,,,,,,,,,,,,,,,,,,,,,,,,,
19572096,27-05-2017 12:46,1807,2823,26,Online Transaction,39021,ONLINE,,,4784,,$26.04,,,,,,,,,,,,,,,,,,,,,,,,,,,,,,,,,,,
11057656,29-04-2012 14:55,605,5650,36,Online Transaction,39021,ONLINE,,,4784,,$35.77,,,,,,,,,,,,,,,,,,,,,,,,,,,,,,,,,,,
22268484,19-12-2018 16:55,114,5283,34,Online Transaction,15143,ONLINE,,,4784,,$33.87,,,,,,,,,,,,,,,,,,,,,,,,,,,,,,,,,,,
23147916,24-06-2019 00:52,114,3398,91,Chip Transaction,26810,Orlando,FL,32814,5541,,$91.00,,,,,,,,,,,,,,,,,,,,,,,,,,,,,,,,,,,
10907785,26-03-2012 12:44,561,6053,10,Swipe Transaction,75781,Mediapolis,IA,52637,5411,,$9.70,,,,,,,,,,,,,,,,,,,,,,,,,,,,,,,,,,,
16787293,10-10-2015 18:46,1129,102,67,Chip Transaction,71667,Oceanside,CA,92058,7538,,$66.92,,,,,,,,,,,,,,,,,,,,,,,,,,,,,,,,,,,
11692683,20-09-2012 07:40,394,4717,1,Swipe Transaction,17493,Bayonne,NJ,7002,5812,,$1.30,,,,,,,,,,,,,,,,,,,,,,,,,,,,,,,,,,,
14140123,16-03-2014 13:04,114,3398,42,Swipe Transaction,41137,North Hollywood,CA,91606,5411,,$42.24,,,,,,,,,,,,,,,,,,,,,,,,,,,,,,,,,,,
19750497,04-07-2017 08:09,1634,4743,4,Chip Transaction,23481,Brownsville,TX,78520,5812,,$3.91,,,,,,,,,,,,,,,,,,,,,,,,,,,,,,,,,,,
22110865,16-11-2018 10:29,430,3433,31,Swipe Transaction,46417,Crown Point,IN,46307,5411,,$31.08,,,,,,,,,,,,,,,,,,,,,,,,,,,,,,,,,,,
23023813,28-05-2019 17:50,1797,300,62,Chip Transaction,23481,San Leandro,CA,94577,5812,,$61.99,,,,,,,,,,,,,,,,,,,,,,,,,,,,,,,,,,,
13338996,21-09-2013 17:28,335,4838,71,Swipe Transaction,67227,Palm Beach Gardens,FL,33410,5411,,$71.10,,,,,,,,,,,,,,,,,,,,,,,,,,,,,,,,,,,
15820900,17-03-2015 14:44,114,3070,-55,Chip Transaction,59935,North Hollywood,CA,91606,5499,,$-55.00,,,,,,,,,,,,,,,,,,,,,,,,,,,,,,,,,,,
16277836,23-06-2015 18:32,1129,2677,60,Chip Transaction,71667,Oceanside,CA,92058,7538,,$60.46,,,,,,,,,,,,,,,,,,,,,,,,,,,,,,,,,,,
23708499,20-10-2019 13:14,351,1043,20,Chip Transaction,62813,Flushing,NY,11355,8021,,$20.28,,,,,,,,,,,,,,,,,,,,,,,,,,,,,,,,,,,
19253712,21-03-2017 08:58,351,2664,2,Chip Transaction,25887,Flushing,NY,11355,5814,,$2.02,,,,,,,,,,,,,,,,,,,,,,,,,,,,,,,,,,,
19739922,01-07-2017 18:35,114,3070,3,Chip Transaction,61195,North Hollywood,CA,91606,5541,,$2.78,,,,,,,,,,,,,,,,,,,,,,,,,,,,,,,,,,,
18847881,24-12-2016 19:01,1684,2140,23,Online Transaction,39021,ONLINE,,,4784,,$22.62,,,,,,,,,,,,,,,,,,,,,,,,,,,,,,,,,,,
21672119,15-08-2018 11:03,1797,299,5,Chip Transaction,62992,San Leandro,CA,94577,5812,,$5.15,,,,,,,,,,,,,,,,,,,,,,,,,,,,,,,,,,,
20687657,18-01-2018 13:31,1807,5712,79,Chip Transaction,59935,Olympia,WA,98513,5499,,$79.20,,,,,,,,,,,,,,,,,,,,,,,,,,,,,,,,,,,
9489474,04-05-2011 04:57,335,5131,12,Online Transaction,85247,ONLINE,,,5815,,$12.40,,,,,,,,,,,,,,,,,,,,,,,,,,,,,,,,,,,
9998152,30-08-2011 04:52,394,2663,22,Online Transaction,84682,ONLINE,,,4900,,$21.65,,,,,,,,,,,,,,,,,,,,,,,,,,,,,,,,,,,
20626169,05-01-2018 12:03,605,5650,3,Chip Transaction,74005,Brooklyn,NY,11210,5812,,$3.41,,,,,,,,,,,,,,,,,,,,,,,,,,,,,,,,,,,
18060916,10-07-2016 00:17,1684,3278,31,Online Transaction,39021,ONLINE,,,4784,,$31.02,,,,,,,,,,,,,,,,,,,,,,,,,,,,,,,,,,,
15348687,05-12-2014 13:46,1797,1127,43,Online Transaction,15143,ONLINE,,,4784,,$43.35,,,,,,,,,,,,,,,,,,,,,,,,,,,,,,,,,,,
23174617,29-06-2019 14:24,605,212,37,Online Transaction,39021,ONLINE,,,4784,,$37.48,,,,,,,,,,,,,,,,,,,,,,,,,,,,,,,,,,,
21959329,15-10-2018 08:01,1807,5712,53,Online Transaction,39021,ONLINE,,,4784,,$52.59,,,,,,,,,,,,,,,,,,,,,,,,,,,,,,,,,,,
7802420,24-03-2010 15:28,1807,2823,17,Swipe Transaction,56267,Bronx,NY,10463,7230,,$16.69,,,,,,,,,,,,,,,,,,,,,,,,,,,,,,,,,,,
8211204,03-07-2010 16:07,335,5131,108,Swipe Transaction,26810,Palm Beach Gardens,FL,33410,5541,,$107.88,,,,,,,,,,,,,,,,,,,,,,,,,,,,,,,,,,,
19567358,26-05-2017 12:48,1807,2823,31,Online Transaction,39021,ONLINE,,,4784,,$30.85,,,,,,,,,,,,,,,,,,,,,,,,,,,,,,,,,,,
17722166,28-04-2016 15:04,114,5283,21,Chip Transaction,34784,North Hollywood,CA,91606,7210,,$20.92,,,,,,,,,,,,,,,,,,,,,,,,,,,,,,,,,,,
21326182,03-06-2018 07:34,561,2716,23,Chip Transaction,59935,Burlington,IA,52601,5499,,$23.03,,,,,,,,,,,,,,,,,,,,,,,,,,,,,,,,,,,
8817926,26-11-2010 16:18,1684,94,31,Online Transaction,39021,ONLINE,,,4784,,$30.71,,,,,,,,,,,,,,,,,,,,,,,,,,,,,,,,,,,
13722689,15-12-2013 09:13,394,4717,36,Online Transaction,16798,ONLINE,,,4121,,$35.68,,,,,,,,,,,,,,,,,,,,,,,,,,,,,,,,,,,
10188795,13-10-2011 01:19,1797,1127,33,Online Transaction,726,ONLINE,,,4900,,$33.07,,,,,,,,,,,,,,,,,,,,,,,,,,,,,,,,,,,
21614980,03-08-2018 08:08,1807,5712,48,Online Transaction,39021,ONLINE,,,4784,,$48.36,,,,,,,,,,,,,,,,,,,,,,,,,,,,,,,,,,,
7831735,01-04-2010 00:36,1807,165,6,Swipe Transaction,35435,Bronx,NY,10463,5812,,$5.64,,,,,,,,,,,,,,,,,,,,,,,,,,,,,,,,,,,
15090119,10-10-2014 08:46,351,2244,57,Swipe Transaction,59935,Flushing,NY,11355,5499,,$57.00,,,,,,,,,,,,,,,,,,,,,,,,,,,,,,,,,,,
18392256,18-09-2016 14:52,114,3070,60,Chip Transaction,59935,North Hollywood,CA,91606,5499,,$60.00,,,,,,,,,,,,,,,,,,,,,,,,,,,,,,,,,,,
18515627,14-10-2016 22:39,1797,299,26,Online Transaction,15143,ONLINE,,,4784,,$26.35,,,,,,,,,,,,,,,,,,,,,,,,,,,,,,,,,,,
10143925,02-10-2011 16:09,1807,165,32,Swipe Transaction,66428,Bronx,NY,10463,4121,,$32.43,,,,,,,,,,,,,,,,,,,,,,,,,,,,,,,,,,,
19748596,03-07-2017 17:41,1807,5712,24,Chip Transaction,14816,Bronx,NY,10463,7832,,$23.64,,,,,,,,,,,,,,,,,,,,,,,,,,,,,,,,,,,
12117741,25-12-2012 08:40,554,4275,5,Swipe Transaction,22204,La Porte,TX,77571,5541,,$4.51,,,,,,,,,,,,,,,,,,,,,,,,,,,,,,,,,,,
16705213,23-09-2015 08:06,1684,2723,14,Chip Transaction,57097,Bean Station,TN,37708,5411,,$13.86,,,,,,,,,,,,,,,,,,,,,,,,,,,,,,,,,,,
10760600,20-02-2012 22:30,1797,1127,34,Online Transaction,15143,ONLINE,,,4784,,$34.14,,,,,,,,,,,,,,,,,,,,,,,,,,,,,,,,,,,
13402150,05-10-2013 15:24,335,5131,35,Swipe Transaction,43293,Palm Beach Gardens,FL,33410,5499,,$35.02,,,,,,,,,,,,,,,,,,,,,,,,,,,,,,,,,,,
10666884,30-01-2012 14:51,1797,299,47,Swipe Transaction,54343,San Leandro,CA,94577,4121,,$46.66,,,,,,,,,,,,,,,,,,,,,,,,,,,,,,,,,,,
17843436,24-05-2016 14:33,605,5650,37,Chip Transaction,75781,Brooklyn,NY,11210,5411,,$37.16,,,,,,,,,,,,,,,,,,,,,,,,,,,,,,,,,,,
13645579,28-11-2013 11:01,646,4012,14,Swipe Transaction,35674,Cleveland,OH,44120,5411,,$13.83,,,,,,,,,,,,,,,,,,,,,,,,,,,,,,,,,,,
9590239,27-05-2011 13:59,1129,2677,10,Swipe Transaction,41260,Oceanside,CA,92058,5541,,$10.15,,,,,,,,,,,,,,,,,,,,,,,,,,,,,,,,,,,
13116003,03-08-2013 15:51,1556,4333,87,Swipe Transaction,37972,Bismarck,ND,58504,5300,,$86.76,,,,,,,,,,,,,,,,,,,,,,,,,,,,,,,,,,,
22865590,25-04-2019 07:54,561,6119,94,Chip Transaction,22204,Burlington,IA,52601,5541,,$94.00,,,,,,,,,,,,,,,,,,,,,,,,,,,,,,,,,,,
10188732,13-10-2011 00:03,1556,2972,47,Swipe Transaction,22204,Bismarck,ND,58504,5541,,$47.03,,,,,,,,,,,,,,,,,,,,,,,,,,,,,,,,,,,
20435835,26-11-2017 07:22,1807,5712,45,Online Transaction,39021,ONLINE,,,4784,Bad Card Number,$45.15,,,,,,,,,,,,,,,,,,,,,,,,,,,,,,,,,,,
22068187,07-11-2018 09:52,351,1112,3,Chip Transaction,20519,Rego Park,NY,11374,5942,,$2.68,,,,,,,,,,,,,,,,,,,,,,,,,,,,,,,,,,,
17368001,11-02-2016 16:28,1684,3278,27,Online Transaction,39021,ONLINE,,,4784,,$26.76,,,,,,,,,,,,,,,,,,,,,,,,,,,,,,,,,,,
18112264,20-07-2016 16:45,114,3070,3,Chip Transaction,20561,North Hollywood,CA,91606,5912,,$3.13,,,,,,,,,,,,,,,,,,,,,,,,,,,,,,,,,,,
12878690,12-06-2013 18:09,114,3070,31,Swipe Transaction,55060,North Hollywood,CA,91606,5812,,$31.49,,,,,,,,,,,,,,,,,,,,,,,,,,,,,,,,,,,
19333030,07-04-2017 00:42,1634,2464,4,Chip Transaction,26810,Alamo,TX,78516,5541,,$3.85,,,,,,,,,,,,,,,,,,,,,,,,,,,,,,,,,,,
15735322,27-02-2015 09:25,114,5283,3,Chip Transaction,75936,North Hollywood,CA,91606,5814,,$3.21,,,,,,,,,,,,,,,,,,,,,,,,,,,,,,,,,,,
17585467,30-03-2016 10:58,394,6057,32,Online Transaction,16798,ONLINE,,,4121,,$32.39,,,,,,,,,,,,,,,,,,,,,,,,,,,,,,,,,,,
16401133,20-07-2015 07:04,1797,5660,120,Chip Transaction,73842,San Leandro,CA,94577,5411,,$120.31,,,,,,,,,,,,,,,,,,,,,,,,,,,,,,,,,,,
11959957,19-11-2012 14:52,114,3398,77,Swipe Transaction,61195,North Hollywood,CA,91606,5541,,$77.00,,,,,,,,,,,,,,,,,,,,,,,,,,,,,,,,,,,
16660193,13-09-2015 14:49,114,3398,46,Chip Transaction,59935,North Hollywood,CA,91606,5499,,$46.39,,,,,,,,,,,,,,,,,,,,,,,,,,,,,,,,,,,
14026521,19-02-2014 16:56,114,3070,33,Online Transaction,15143,ONLINE,,,4784,,$32.90,,,,,,,,,,,,,,,,,,,,,,,,,,,,,,,,,,,
8257810,15-07-2010 00:06,430,2860,140,Swipe Transaction,27092,Crown Point,IN,46307,4829,,$140.00,,,,,,,,,,,,,,,,,,,,,,,,,,,,,,,,,,,
13762603,24-12-2013 00:34,1797,4853,49,Swipe Transaction,54343,San Leandro,CA,94577,4121,,$48.65,,,,,,,,,,,,,,,,,,,,,,,,,,,,,,,,,,,
17603094,03-04-2016 08:08,335,5131,34,Swipe Transaction,75781,Palm Beach Gardens,FL,33410,5411,,$34.21,,,,,,,,,,,,,,,,,,,,,,,,,,,,,,,,,,,
12978614,04-07-2013 15:26,430,4351,26,Swipe Transaction,60658,Rochester,MI,48306,5912,,$25.80,,,,,,,,,,,,,,,,,,,,,,,,,,,,,,,,,,,
10240721,24-10-2011 21:59,1684,94,58,Swipe Transaction,43293,Briceville,TN,37710,5499,,$58.00,,,,,,,,,,,,,,,,,,,,,,,,,,,,,,,,,,,
23060231,05-06-2019 13:43,605,212,656,Chip Transaction,29742,Freeport,NY,11520,3256,,$656.12,,,,,,,,,,,,,,,,,,,,,,,,,,,,,,,,,,,
15111156,14-10-2014 15:15,335,5131,-65,Swipe Transaction,26810,Palm Beach Gardens,FL,33410,5541,,$-65.00,,,,,,,,,,,,,,,,,,,,,,,,,,,,,,,,,,,
15210503,05-11-2014 14:47,394,4341,35,Swipe Transaction,26586,Little Meadows,PA,18830,5813,,$35.49,,,,,,,,,,,,,,,,,,,,,,,,,,,,,,,,,,,
16136160,24-05-2015 14:01,430,2860,60,Swipe Transaction,10875,Crown Point,IN,46307,5912,,$59.83,,,,,,,,,,,,,,,,,,,,,,,,,,,,,,,,,,,
10496245,22-12-2011 14:44,114,3070,-56,Swipe Transaction,59935,North Hollywood,CA,91606,5499,,$-56.00,,,,,,,,,,,,,,,,,,,,,,,,,,,,,,,,,,,
7866997,09-04-2010 18:59,554,3912,104,Swipe Transaction,22204,La Porte,TX,77571,5541,,$103.94,,,,,,,,,,,,,,,,,,,,,,,,,,,,,,,,,,,
17625180,07-04-2016 18:12,554,3912,54,Swipe Transaction,20561,La Porte,TX,77571,5912,,$53.83,,,,,,,,,,,,,,,,,,,,,,,,,,,,,,,,,,,
7825569,30-03-2010 12:13,554,3912,78,Swipe Transaction,25392,Pearland,TX,77588,5621,,$78.50,,,,,,,,,,,,,,,,,,,,,,,,,,,,,,,,,,,
14704390,18-07-2014 10:31,561,3764,8,Online Transaction,16798,ONLINE,,,4121,,$8.42,,,,,,,,,,,,,,,,,,,,,,,,,,,,,,,,,,,
13291098,11-09-2013 08:42,351,1043,25,Online Transaction,39021,ONLINE,,,4784,,$24.71,,,,,,,,,,,,,,,,,,,,,,,,,,,,,,,,,,,
20400568,18-11-2017 15:26,646,4012,13,Chip Transaction,20561,Cleveland,OH,44120,5912,,$12.96,,,,,,,,,,,,,,,,,,,,,,,,,,,,,,,,,,,
21109398,18-04-2018 07:06,1129,102,7,Chip Transaction,41260,Oceanside,CA,92058,5541,,$7.36,,,,,,,,,,,,,,,,,,,,,,,,,,,,,,,,,,,
10664411,30-01-2012 01:56,1797,299,22,Online Transaction,27310,ONLINE,,,7349,,$22.30,,,,,,,,,,,,,,,,,,,,,,,,,,,,,,,,,,,
18462482,03-10-2016 14:58,114,5283,-84,Chip Transaction,59935,North Hollywood,CA,91606,5499,,$-84.00,,,,,,,,,,,,,,,,,,,,,,,,,,,,,,,,,,,
17829969,21-05-2016 18:27,646,4012,34,Chip Transaction,60569,Cleveland,OH,44134,5300,,$34.17,,,,,,,,,,,,,,,,,,,,,,,,,,,,,,,,,,,
15270683,18-11-2014 13:52,114,3070,57,Swipe Transaction,59935,North Hollywood,CA,91606,5499,,$57.00,,,,,,,,,,,,,,,,,,,,,,,,,,,,,,,,,,,
15518282,11-01-2015 07:42,1634,2464,2,Chip Transaction,50783,Brownsville,TX,78520,5411,,$1.65,,,,,,,,,,,,,,,,,,,,,,,,,,,,,,,,,,,
12633821,19-04-2013 13:07,114,3398,41,Swipe Transaction,64586,North Hollywood,CA,91606,5912,,$41.03,,,,,,,,,,,,,,,,,,,,,,,,,,,,,,,,,,,
18913566,07-01-2017 15:44,114,5283,95,Chip Transaction,60569,Rancho Cucamonga,CA,91701,5300,,$95.31,,,,,,,,,,,,,,,,,,,,,,,,,,,,,,,,,,,
21272924,22-05-2018 21:18,605,5061,202,Chip Transaction,70268,ONLINE,,,4722,,$201.67,,,,,,,,,,,,,,,,,,,,,,,,,,,,,,,,,,,
15169426,27-10-2014 12:14,554,4275,22,Swipe Transaction,78081,La Porte,TX,77571,5411,,$21.76,,,,,,,,,,,,,,,,,,,,,,,,,,,,,,,,,,,
16029658,01-05-2015 16:14,114,5283,14,Chip Transaction,83271,Chino Hills,CA,91709,4214,,$13.70,,,,,,,,,,,,,,,,,,,,,,,,,,,,,,,,,,,
23518459,10-09-2019 07:01,394,2663,1,Chip Transaction,91128,Stamford,CT,6922,5411,,$1.35,,,,,,,,,,,,,,,,,,,,,,,,,,,,,,,,,,,
8291710,23-07-2010 07:46,1797,1127,80,Swipe Transaction,27092,San Leandro,CA,94577,4829,,$80.00,,,,,,,,,,,,,,,,,,,,,,,,,,,,,,,,,,,
19592534,31-05-2017 19:24,1684,3278,29,Online Transaction,39021,ONLINE,,,4784,,$29.45,,,,,,,,,,,,,,,,,,,,,,,,,,,,,,,,,,,
22657468,12-03-2019 00:31,848,3915,58,Chip Transaction,13051,Harwood,MD,20776,5813,,$57.91,,,,,,,,,,,,,,,,,,,,,,,,,,,,,,,,,,,
7774299,17-03-2010 14:40,114,3398,54,Swipe Transaction,61195,North Hollywood,CA,91606,5541,,$53.98,,,,,,,,,,,,,,,,,,,,,,,,,,,,,,,,,,,
21685254,18-08-2018 06:24,1129,2677,-97,Chip Transaction,59935,Oceanside,CA,92058,5499,,$-97.00,,,,,,,,,,,,,,,,,,,,,,,,,,,,,,,,,,,
14496210,02-06-2014 16:39,114,5283,21,Online Transaction,15143,ONLINE,,,4784,,$21.21,,,,,,,,,,,,,,,,,,,,,,,,,,,,,,,,,,,
20486761,07-12-2017 00:09,1684,94,25,Online Transaction,39021,ONLINE,,,4784,,$25.35,,,,,,,,,,,,,,,,,,,,,,,,,,,,,,,,,,,
21441867,27-06-2018 16:04,1684,3278,27,Online Transaction,39021,ONLINE,,,4784,,$27.43,,,,,,,,,,,,,,,,,,,,,,,,,,,,,,,,,,,
11737268,30-09-2012 07:31,605,5650,3,Swipe Transaction,92883,Brooklyn,NY,11210,5812,,$3.07,,,,,,,,,,,,,,,,,,,,,,,,,,,,,,,,,,,
10899029,24-03-2012 11:12,646,2093,18,Swipe Transaction,88877,Cleveland,OH,44120,5812,,$17.60,,,,,,,,,,,,,,,,,,,,,,,,,,,,,,,,,,,
19662090,15-06-2017 13:32,430,3433,42,Swipe Transaction,46417,Crown Point,IN,46307,5411,,$42.42,,,,,,,,,,,,,,,,,,,,,,,,,,,,,,,,,,,
9687219,19-06-2011 08:51,351,2664,24,Swipe Transaction,61195,Flushing,NY,11355,5541,,$23.68,,,,,,,,,,,,,,,,,,,,,,,,,,,,,,,,,,,
9980655,26-08-2011 00:19,430,5768,100,Swipe Transaction,27092,Crown Point,IN,46307,4829,,$100.00,,,,,,,,,,,,,,,,,,,,,,,,,,,,,,,,,,,
16523924,15-08-2015 12:40,1807,2823,42,Online Transaction,39021,ONLINE,,,4784,,$42.03,,,,,,,,,,,,,,,,,,,,,,,,,,,,,,,,,,,
16172964,01-06-2015 11:30,114,5283,129,Chip Transaction,10978,North Hollywood,CA,91606,8111,,$128.56,,,,,,,,,,,,,,,,,,,,,,,,,,,,,,,,,,,
12299228,04-02-2013 06:17,114,3398,17,Swipe Transaction,50783,North Hollywood,CA,91606,5411,,$17.08,,,,,,,,,,,,,,,,,,,,,,,,,,,,,,,,,,,
20138115,24-09-2017 01:21,1634,2464,2,Chip Transaction,50783,Brownsville,TX,78520,5411,,$2.29,,,,,,,,,,,,,,,,,,,,,,,,,,,,,,,,,,,
19101052,16-02-2017 14:53,1556,4333,19,Online Transaction,16798,ONLINE,,,4121,,$19.09,,,,,,,,,,,,,,,,,,,,,,,,,,,,,,,,,,,
20716794,24-01-2018 15:29,1797,300,46,Chip Transaction,54343,San Leandro,CA,94577,4121,,$45.97,,,,,,,,,,,,,,,,,,,,,,,,,,,,,,,,,,,
17409096,20-02-2016 14:53,605,212,45,Online Transaction,39021,ONLINE,,,4784,,$44.65,,,,,,,,,,,,,,,,,,,,,,,,,,,,,,,,,,,
13900652,23-01-2014 08:57,1807,165,77,Swipe Transaction,84146,Bronx,NY,10463,5211,,$76.84,,,,,,,,,,,,,,,,,,,,,,,,,,,,,,,,,,,
10113528,25-09-2011 16:02,1807,165,27,Swipe Transaction,66428,Bronx,NY,10463,4121,,$27.30,,,,,,,,,,,,,,,,,,,,,,,,,,,,,,,,,,,
9337141,29-03-2011 13:09,1634,2464,9,Swipe Transaction,75936,Brownsville,TX,78520,5814,,$8.66,,,,,,,,,,,,,,,,,,,,,,,,,,,,,,,,,,,
16323829,03-07-2015 16:05,1807,2823,21,Online Transaction,16798,ONLINE,,,4121,,$20.62,,,,,,,,,,,,,,,,,,,,,,,,,,,,,,,,,,,
20127559,21-09-2017 18:13,114,5283,21,Chip Transaction,55060,North Hollywood,CA,91606,5812,,$21.14,,,,,,,,,,,,,,,,,,,,,,,,,,,,,,,,,,,
12161918,04-01-2013 07:41,394,4341,1,Swipe Transaction,59199,Stamford,CT,6906,5814,,$1.46,,,,,,,,,,,,,,,,,,,,,,,,,,,,,,,,,,,
23195046,04-07-2019 01:33,430,3433,40,Online Transaction,17976,ONLINE,,,4900,,$39.61,,,,,,,,,,,,,,,,,,,,,,,,,,,,,,,,,,,
9263047,12-03-2011 01:47,430,2860,40,Swipe Transaction,60569,Crown Point,IN,46307,5300,,$39.76,,,,,,,,,,,,,,,,,,,,,,,,,,,,,,,,,,,
23542078,15-09-2019 07:33,605,5650,3,Chip Transaction,75781,Brooklyn,NY,11210,5411,,$3.36,,,,,,,,,,,,,,,,,,,,,,,,,,,,,,,,,,,
10460758,14-12-2011 13:24,1129,102,11,Swipe Transaction,61195,San Bernardino,CA,92404,5541,,$10.70,,,,,,,,,,,,,,,,,,,,,,,,,,,,,,,,,,,
22344664,04-01-2019 18:27,114,3398,25,Chip Transaction,33234,North Hollywood,CA,91606,5812,,$24.98,,,,,,,,,,,,,,,,,,,,,,,,,,,,,,,,,,,
11269782,16-06-2012 14:03,1797,300,39,Online Transaction,15143,ONLINE,,,4784,,$39.49,,,,,,,,,,,,,,,,,,,,,,,,,,,,,,,,,,,
9052340,21-01-2011 09:11,430,3433,10,Swipe Transaction,61195,Crown Point,IN,46307,5541,,$10.06,,,,,,,,,,,,,,,,,,,,,,,,,,,,,,,,,,,
12987720,06-07-2013 14:02,430,2860,61,Swipe Transaction,50783,Crown Point,IN,46307,5411,,$61.08,,,,,,,,,,,,,,,,,,,,,,,,,,,,,,,,,,,
11882569,02-11-2012 06:05,848,5423,50,Swipe Transaction,21631,San Diego,CA,92109,7538,,$49.66,,,,,,,,,,,,,,,,,,,,,,,,,,,,,,,,,,,
11763432,06-10-2012 06:05,848,5423,53,Swipe Transaction,20561,Hyattsville,MD,20783,5912,,$53.14,,,,,,,,,,,,,,,,,,,,,,,,,,,,,,,,,,,
10304866,08-11-2011 16:06,848,3915,70,Swipe Transaction,22204,Highland,MD,20777,5541,,$70.00,,,,,,,,,,,,,,,,,,,,,,,,,,,,,,,,,,,
13806280,02-01-2014 14:51,114,3398,58,Swipe Transaction,61195,North Hollywood,CA,91606,5541,,$58.03,,,,,,,,,,,,,,,,,,,,,,,,,,,,,,,,,,,
17101792,17-12-2015 00:03,848,5423,50,Chip Transaction,13051,Harwood,MD,20776,5813,,$50.46,,,,,,,,,,,,,,,,,,,,,,,,,,,,,,,,,,,
16725031,27-09-2015 12:30,114,3398,55,Chip Transaction,18215,Valley Village,CA,91607,5719,,$54.99,,,,,,,,,,,,,,,,,,,,,,,,,,,,,,,,,,,
7967877,05-05-2010 01:37,1634,2464,3,Swipe Transaction,50783,Brownsville,TX,78520,5411,,$3.31,,,,,,,,,,,,,,,,,,,,,,,,,,,,,,,,,,,
15712235,22-02-2015 08:47,554,4275,5,Swipe Transaction,88646,La Porte,TX,77571,5812,,$4.84,,,,,,,,,,,,,,,,,,,,,,,,,,,,,,,,,,,
14172720,23-03-2014 16:13,1684,3278,31,Online Transaction,39021,ONLINE,,,4784,,$31.31,,,,,,,,,,,,,,,,,,,,,,,,,,,,,,,,,,,
12758868,17-05-2013 09:31,351,1112,2,Swipe Transaction,25887,Flushing,NY,11355,5814,,$2.19,,,,,,,,,,,,,,,,,,,,,,,,,,,,,,,,,,,
21243296,16-05-2018 13:21,394,6057,19,Online Transaction,9932,ONLINE,,,5311,,$19.25,,,,,,,,,,,,,,,,,,,,,,,,,,,,,,,,,,,
9985204,27-08-2011 00:30,114,3070,97,Swipe Transaction,59935,North Hollywood,CA,91606,5499,,$97.00,,,,,,,,,,,,,,,,,,,,,,,,,,,,,,,,,,,
7562152,23-01-2010 10:51,430,3433,14,Swipe Transaction,29220,Crown Point,IN,46307,5812,,$13.68,,,,,,,,,,,,,,,,,,,,,,,,,,,,,,,,,,,
16904977,05-11-2015 00:10,1129,102,100,Chip Transaction,27092,Vista,CA,92084,4829,,$100.00,,,,,,,,,,,,,,,,,,,,,,,,,,,,,,,,,,,
12885217,14-06-2013 08:21,1634,2464,3,Swipe Transaction,26810,Alamo,TX,78516,5541,,$3.11,,,,,,,,,,,,,,,,,,,,,,,,,,,,,,,,,,,
18802149,14-12-2016 21:45,1684,2140,30,Chip Transaction,26810,Blaine,TN,37709,5541,,$29.76,,,,,,,,,,,,,,,,,,,,,,,,,,,,,,,,,,,
12113789,24-12-2012 10:34,430,2860,12,Swipe Transaction,88646,Crown Point,IN,46307,5812,,$11.53,,,,,,,,,,,,,,,,,,,,,,,,,,,,,,,,,,,
11248576,12-06-2012 00:36,114,3070,31,Swipe Transaction,61195,North Hollywood,CA,91606,5541,,$31.26,,,,,,,,,,,,,,,,,,,,,,,,,,,,,,,,,,,
19066680,09-02-2017 10:36,646,2093,16,Chip Transaction,22204,La Jolla,CA,92037,5541,,$16.14,,,,,,,,,,,,,,,,,,,,,,,,,,,,,,,,,,,
9723404,27-06-2011 14:32,114,3398,48,Swipe Transaction,61195,North Hollywood,CA,91606,5541,,$47.66,,,,,,,,,,,,,,,,,,,,,,,,,,,,,,,,,,,
11533797,15-08-2012 09:11,1797,299,54,Swipe Transaction,59935,San Leandro,CA,94577,5499,,$54.00,,,,,,,,,,,,,,,,,,,,,,,,,,,,,,,,,,,
20908400,06-03-2018 13:45,351,2664,8,Chip Transaction,20561,Flushing,NY,11355,5912,,$8.49,,,,,,,,,,,,,,,,,,,,,,,,,,,,,,,,,,,
18442755,29-09-2016 10:38,1634,2933,7,Chip Transaction,60569,Edinburg,TX,78542,5300,,$6.62,,,,,,,,,,,,,,,,,,,,,,,,,,,,,,,,,,,
10232362,23-10-2011 00:37,1797,1127,53,Swipe Transaction,54343,San Leandro,CA,94577,4121,,$52.95,,,,,,,,,,,,,,,,,,,,,,,,,,,,,,,,,,,
13833771,08-01-2014 13:31,351,4512,9,Swipe Transaction,73463,Flushing,NY,11355,5300,,$9.05,,,,,,,,,,,,,,,,,,,,,,,,,,,,,,,,,,,
19978353,21-08-2017 11:07,1797,300,4,Chip Transaction,23481,San Leandro,CA,94577,5812,,$3.74,,,,,,,,,,,,,,,,,,,,,,,,,,,,,,,,,,,
9492103,04-05-2011 14:40,646,2093,-87,Swipe Transaction,59935,Cleveland,OH,44120,5499,,$-87.00,,,,,,,,,,,,,,,,,,,,,,,,,,,,,,,,,,,
9648578,10-06-2011 09:09,394,4341,31,Online Transaction,16798,ONLINE,,,4121,,$31.15,,,,,,,,,,,,,,,,,,,,,,,,,,,,,,,,,,,
22632139,06-03-2019 19:22,1684,3278,27,Online Transaction,39021,ONLINE,,,4784,,$27.26,,,,,,,,,,,,,,,,,,,,,,,,,,,,,,,,,,,
16448065,30-07-2015 06:08,646,2093,10,Chip Transaction,20561,Cleveland,OH,44120,5912,,$10.24,,,,,,,,,,,,,,,,,,,,,,,,,,,,,,,,,,,
12072748,15-12-2012 06:00,1807,2823,119,Swipe Transaction,32175,Bronx,NY,10467,7538,,$119.47,,,,,,,,,,,,,,,,,,,,,,,,,,,,,,,,,,,
16106225,18-05-2015 07:49,1797,300,120,Chip Transaction,27092,San Leandro,CA,94577,4829,,$120.00,,,,,,,,,,,,,,,,,,,,,,,,,,,,,,,,,,,
15809928,15-03-2015 09:56,394,4341,34,Swipe Transaction,34103,Stamford,CT,6906,4121,,$34.04,,,,,,,,,,,,,,,,,,,,,,,,,,,,,,,,,,,
16785024,10-10-2015 10:59,554,6070,86,Chip Transaction,49463,La Porte,TX,77571,7538,,$85.95,,,,,,,,,,,,,,,,,,,,,,,,,,,,,,,,,,,
14737896,25-07-2014 14:09,1797,1127,33,Online Transaction,15143,ONLINE,,,4784,,$33.14,,,,,,,,,,,,,,,,,,,,,,,,,,,,,,,,,,,
7634211,10-02-2010 11:34,114,3398,422,Swipe Transaction,10978,North Hollywood,CA,91606,8111,,$422.26,,,,,,,,,,,,,,,,,,,,,,,,,,,,,,,,,,,
16535166,17-08-2015 18:41,646,2093,24,Chip Transaction,60569,Cleveland,OH,44134,5300,,$24.28,,,,,,,,,,,,,,,,,,,,,,,,,,,,,,,,,,,
11195690,31-05-2012 00:03,1797,299,51,Swipe Transaction,54343,San Leandro,CA,94577,4121,,$50.78,,,,,,,,,,,,,,,,,,,,,,,,,,,,,,,,,,,
13510686,29-10-2013 13:22,114,3398,52,Swipe Transaction,11468,Covina,CA,91723,5970,,$52.22,,,,,,,,,,,,,,,,,,,,,,,,,,,,,,,,,,,
12778529,21-05-2013 14:19,561,6053,24,Swipe Transaction,20218,Burlington,IA,52601,5411,,$24.48,,,,,,,,,,,,,,,,,,,,,,,,,,,,,,,,,,,
16945366,13-11-2015 18:09,1684,3278,26,Online Transaction,39021,ONLINE,,,4784,,$25.61,,,,,,,,,,,,,,,,,,,,,,,,,,,,,,,,,,,
9754601,04-07-2011 19:19,114,3398,2,Swipe Transaction,64586,North Hollywood,CA,91606,5912,,$1.97,,,,,,,,,,,,,,,,,,,,,,,,,,,,,,,,,,,
11084018,05-05-2012 13:59,646,2093,-99,Swipe Transaction,59935,Cleveland,OH,44120,5499,,$-99.00,,,,,,,,,,,,,,,,,,,,,,,,,,,,,,,,,,,
8918327,20-12-2010 15:13,335,5131,39,Swipe Transaction,26810,Palm Beach Gardens,FL,33410,5541,,$38.91,,,,,,,,,,,,,,,,,,,,,,,,,,,,,,,,,,,
18544054,21-10-2016 01:16,114,5283,45,Chip Transaction,59935,North Hollywood,CA,91606,5499,,$44.59,,,,,,,,,,,,,,,,,,,,,,,,,,,,,,,,,,,
17721875,28-04-2016 14:05,1797,1127,44,Online Transaction,15143,ONLINE,,,4784,,$43.65,,,,,,,,,,,,,,,,,,,,,,,,,,,,,,,,,,,
12911393,20-06-2013 00:31,1634,4743,4,Swipe Transaction,50783,Brownsville,TX,78520,5411,,$4.37,,,,,,,,,,,,,,,,,,,,,,,,,,,,,,,,,,,
15696195,18-02-2015 15:10,430,2860,26,Swipe Transaction,10875,Crown Point,IN,46307,5912,,$26.03,,,,,,,,,,,,,,,,,,,,,,,,,,,,,,,,,,,
12432438,05-03-2013 18:38,554,3912,121,Swipe Transaction,19964,Liberty,TX,77575,5311,,$121.15,,,,,,,,,,,,,,,,,,,,,,,,,,,,,,,,,,,
9814538,18-07-2011 15:43,605,212,39,Online Transaction,39021,ONLINE,,,4784,,$38.55,,,,,,,,,,,,,,,,,,,,,,,,,,,,,,,,,,,
9382283,09-04-2011 00:26,430,3433,100,Swipe Transaction,27092,Crown Point,IN,46307,4829,,$100.00,,,,,,,,,,,,,,,,,,,,,,,,,,,,,,,,,,,
21575323,25-07-2018 18:46,1129,102,74,Chip Transaction,13646,Oceanside,CA,92058,7538,,$73.62,,,,,,,,,,,,,,,,,,,,,,,,,,,,,,,,,,,
19250837,20-03-2017 14:51,114,3070,36,Chip Transaction,61195,North Hollywood,CA,91606,5541,,$36.02,,,,,,,,,,,,,,,,,,,,,,,,,,,,,,,,,,,
12364574,18-02-2013 14:48,605,5061,31,Online Transaction,39021,ONLINE,,,4784,,$31.13,,,,,,,,,,,,,,,,,,,,,,,,,,,,,,,,,,,
14232670,05-04-2014 20:42,430,2860,11,Swipe Transaction,19756,Hammond,IN,46320,7832,,$10.91,,,,,,,,,,,,,,,,,,,,,,,,,,,,,,,,,,,
18486710,08-10-2016 19:10,1684,94,26,Online Transaction,39021,ONLINE,,,4784,,$25.72,,,,,,,,,,,,,,,,,,,,,,,,,,,,,,,,,,,
17810051,17-05-2016 12:44,394,2663,19,Chip Transaction,79463,Stamford,CT,6906,5411,,$18.76,,,,,,,,,,,,,,,,,,,,,,,,,,,,,,,,,,,
19764503,07-07-2017 00:31,430,3433,100,Swipe Transaction,27092,Crown Point,IN,46307,4829,,$100.00,,,,,,,,,,,,,,,,,,,,,,,,,,,,,,,,,,,
12555238,02-04-2013 00:01,848,3915,51,Swipe Transaction,92793,Cleveland,OH,44143,5813,,$51.27,,,,,,,,,,,,,,,,,,,,,,,,,,,,,,,,,,,
17594530,01-04-2016 09:40,394,4717,29,Chip Transaction,34103,Stamford,CT,6906,4121,,$29.01,,,,,,,,,,,,,,,,,,,,,,,,,,,,,,,,,,,
12012315,01-12-2012 10:13,430,3433,24,Swipe Transaction,81833,Crown Point,IN,46307,5912,,$24.48,,,,,,,,,,,,,,,,,,,,,,,,,,,,,,,,,,,
12322623,09-02-2013 10:05,1634,2464,10,Swipe Transaction,34490,Brownsville,TX,78520,5719,,$10.35,,,,,,,,,,,,,,,,,,,,,,,,,,,,,,,,,,,
20557571,22-12-2017 00:55,848,5423,51,Chip Transaction,86765,Walkerton,VA,23177,5813,,$51.24,,,,,,,,,,,,,,,,,,,,,,,,,,,,,,,,,,,
18655861,13-11-2016 21:34,1797,5660,23,Chip Transaction,35385,San Leandro,CA,94577,5912,,$23.36,,,,,,,,,,,,,,,,,,,,,,,,,,,,,,,,,,,
21910438,04-10-2018 18:29,554,6070,51,Chip Transaction,12014,La Porte,TX,77571,5814,,$51.15,,,,,,,,,,,,,,,,,,,,,,,,,,,,,,,,,,,
13068155,24-07-2013 08:58,351,2244,31,Online Transaction,39021,ONLINE,,,4784,,$30.74,,,,,,,,,,,,,,,,,,,,,,,,,,,,,,,,,,,
10666775,30-01-2012 14:31,114,3398,98,Swipe Transaction,59935,North Hollywood,CA,91606,5499,,$98.00,,,,,,,,,,,,,,,,,,,,,,,,,,,,,,,,,,,
21615785,03-08-2018 10:33,430,3433,8,Swipe Transaction,50783,Crown Point,IN,46307,5411,,$7.61,,,,,,,,,,,,,,,,,,,,,,,,,,,,,,,,,,,
17497918,11-03-2016 13:37,605,5650,18,Chip Transaction,60569,Brooklyn,NY,11214,5300,,$18.12,,,,,,,,,,,,,,,,,,,,,,,,,,,,,,,,,,,
17479593,07-03-2016 15:26,1807,2823,22,Online Transaction,18563,ONLINE,,,4121,,$22.42,,,,,,,,,,,,,,,,,,,,,,,,,,,,,,,,,,,
18470301,05-10-2016 09:03,1129,102,12,Swipe Transaction,81536,Poway,CA,92064,5310,,$11.62,,,,,,,,,,,,,,,,,,,,,,,,,,,,,,,,,,,
15276933,20-11-2014 00:04,554,6070,4,Swipe Transaction,18646,Cheswick,PA,15024,5912,,$4.01,,,,,,,,,,,,,,,,,,,,,,,,,,,,,,,,,,,
15534657,14-01-2015 14:29,1797,1127,39,Online Transaction,15143,ONLINE,,,4784,,$38.80,,,,,,,,,,,,,,,,,,,,,,,,,,,,,,,,,,,
13871815,16-01-2014 22:10,561,3764,12,Swipe Transaction,22204,Burlington,IA,52601,5541,,$12.09,,,,,,,,,,,,,,,,,,,,,,,,,,,,,,,,,,,
19630528,08-06-2017 19:50,554,4275,29,Swipe Transaction,50966,La Porte,TX,77571,5813,,$28.86,,,,,,,,,,,,,,,,,,,,,,,,,,,,,,,,,,,
11293581,22-06-2012 00:25,554,3912,5,Swipe Transaction,78081,La Porte,TX,77571,5411,,$4.70,,,,,,,,,,,,,,,,,,,,,,,,,,,,,,,,,,,
9788359,12-07-2011 15:00,335,5131,348,Swipe Transaction,19363,West Palm Beach,FL,33411,4112,,$348.35,,,,,,,,,,,,,,,,,,,,,,,,,,,,,,,,,,,
17034399,02-12-2015 14:49,1807,5712,19,Online Transaction,47399,ONLINE,,,5815,,$19.44,,,,,,,,,,,,,,,,,,,,,,,,,,,,,,,,,,,
20666352,14-01-2018 00:53,394,2663,32,Online Transaction,39021,ONLINE,,,4784,,$31.91,,,,,,,,,,,,,,,,,,,,,,,,,,,,,,,,,,,
12423765,03-03-2013 18:46,554,2308,45,Swipe Transaction,78081,La Porte,TX,77571,5411,,$45.39,,,,,,,,,,,,,,,,,,,,,,,,,,,,,,,,,,,
10708123,09-02-2012 00:34,114,3070,97,Swipe Transaction,61195,North Hollywood,CA,91606,5541,,$97.00,,,,,,,,,,,,,,,,,,,,,,,,,,,,,,,,,,,
9717346,26-06-2011 08:45,351,2244,24,Online Transaction,39021,ONLINE,,,4784,,$23.57,,,,,,,,,,,,,,,,,,,,,,,,,,,,,,,,,,,
11908016,07-11-2012 19:29,114,3398,330,Online Transaction,52073,ONLINE,,,4722,,$330.27,,,,,,,,,,,,,,,,,,,,,,,,,,,,,,,,,,,
11011001,19-04-2012 00:26,430,2860,140,Swipe Transaction,27092,Crown Point,IN,46307,4829,,$140.00,,,,,,,,,,,,,,,,,,,,,,,,,,,,,,,,,,,
18707378,24-11-2016 16:14,1684,94,16,Online Transaction,39021,ONLINE,,,4784,,$16.48,,,,,,,,,,,,,,,,,,,,,,,,,,,,,,,,,,,
14643714,05-07-2014 00:26,1797,5660,45,Online Transaction,16798,ONLINE,,,4121,,$44.53,,,,,,,,,,,,,,,,,,,,,,,,,,,,,,,,,,,
18614148,05-11-2016 00:20,605,5650,5,Chip Transaction,75781,Brooklyn,NY,11210,5411,,$4.69,,,,,,,,,,,,,,,,,,,,,,,,,,,,,,,,,,,
17650047,13-04-2016 08:54,394,2663,30,Chip Transaction,34103,Stamford,CT,6906,4121,,$29.97,,,,,,,,,,,,,,,,,,,,,,,,,,,,,,,,,,,
12013160,01-12-2012 12:42,335,5131,22,Swipe Transaction,13523,Watertown,MN,55388,5310,,$22.35,,,,,,,,,,,,,,,,,,,,,,,,,,,,,,,,,,,
9985229,27-08-2011 00:57,114,3070,46,Swipe Transaction,59935,North Hollywood,CA,91606,5499,,$45.83,,,,,,,,,,,,,,,,,,,,,,,,,,,,,,,,,,,
10732308,14-02-2012 13:05,1634,2464,13,Swipe Transaction,50783,Brownsville,TX,78520,5411,,$12.63,,,,,,,,,,,,,,,,,,,,,,,,,,,,,,,,,,,
22060932,05-11-2018 16:16,114,5283,11,Chip Transaction,83480,North Hollywood,CA,91606,9402,,$11.07,,,,,,,,,,,,,,,,,,,,,,,,,,,,,,,,,,,
21153883,27-04-2018 11:59,1797,299,7,Chip Transaction,50783,San Lorenzo,CA,94580,5411,,$6.65,,,,,,,,,,,,,,,,,,,,,,,,,,,,,,,,,,,
22457325,28-01-2019 14:38,114,3398,-52,Chip Transaction,59935,North Hollywood,CA,91606,5499,,$-52.00,,,,,,,,,,,,,,,,,,,,,,,,,,,,,,,,,,,
17246016,16-01-2016 17:52,646,6090,38,Chip Transaction,60569,Cleveland,OH,44134,5300,,$37.91,,,,,,,,,,,,,,,,,,,,,,,,,,,,,,,,,,,
16451530,30-07-2015 19:23,1684,3278,24,Online Transaction,39021,ONLINE,,,4784,,$24.15,,,,,,,,,,,,,,,,,,,,,,,,,,,,,,,,,,,
14424091,18-05-2014 00:10,1129,2677,100,Swipe Transaction,27092,Vista,CA,92084,4829,,$100.00,,,,,,,,,,,,,,,,,,,,,,,,,,,,,,,,,,,
8083990,02-06-2010 13:18,114,3070,41,Swipe Transaction,41137,North Hollywood,CA,91606,5411,,$40.98,,,,,,,,,,,,,,,,,,,,,,,,,,,,,,,,,,,
17087571,14-12-2015 04:38,351,1043,100,Chip Transaction,7463,Flushing,NY,11355,4900,,$100.34,,,,,,,,,,,,,,,,,,,,,,,,,,,,,,,,,,,
17259258,19-01-2016 12:44,394,6057,-58,Chip Transaction,59935,Stamford,CT,6907,5499,,$-58.00,,,,,,,,,,,,,,,,,,,,,,,,,,,,,,,,,,,
9423392,18-04-2011 14:50,114,3070,-70,Swipe Transaction,59935,North Hollywood,CA,91606,5499,,$-70.00,,,,,,,,,,,,,,,,,,,,,,,,,,,,,,,,,,,
18638573,10-11-2016 07:43,1684,94,8,Chip Transaction,26810,Blaine,TN,37709,5541,,$7.56,,,,,,,,,,,,,,,,,,,,,,,,,,,,,,,,,,,
22168759,28-11-2018 14:27,605,5061,19,Chip Transaction,69956,Brooklyn,NY,11210,5310,,$19.13,,,,,,,,,,,,,,,,,,,,,,,,,,,,,,,,,,,
16808533,15-10-2015 10:17,1634,2245,10,Chip Transaction,69494,Alamo,TX,78516,5310,,$10.37,,,,,,,,,,,,,,,,,,,,,,,,,,,,,,,,,,,
10053682,11-09-2011 18:43,554,3912,99,Swipe Transaction,20561,La Porte,TX,77571,5912,,$99.24,,,,,,,,,,,,,,,,,,,,,,,,,,,,,,,,,,,
22552703,17-02-2019 18:40,114,5283,2,Chip Transaction,61195,North Hollywood,CA,91606,5541,,$2.46,,,,,,,,,,,,,,,,,,,,,,,,,,,,,,,,,,,
16040910,04-05-2015 06:20,1797,5660,52,Online Transaction,15143,ONLINE,,,4784,,$51.65,,,,,,,,,,,,,,,,,,,,,,,,,,,,,,,,,,,
